-- MySQL dump 10.13  Distrib 8.0.36, for Win64 (x86_64)
--
-- Host: 127.0.0.1    Database: data_harvest
-- ------------------------------------------------------
-- Server version	8.0.36

/*!40101 SET @OLD_CHARACTER_SET_CLIENT=@@CHARACTER_SET_CLIENT */;
/*!40101 SET @OLD_CHARACTER_SET_RESULTS=@@CHARACTER_SET_RESULTS */;
/*!40101 SET @OLD_COLLATION_CONNECTION=@@COLLATION_CONNECTION */;
/*!50503 SET NAMES utf8 */;
/*!40103 SET @OLD_TIME_ZONE=@@TIME_ZONE */;
/*!40103 SET TIME_ZONE='+00:00' */;
/*!40014 SET @OLD_UNIQUE_CHECKS=@@UNIQUE_CHECKS, UNIQUE_CHECKS=0 */;
/*!40014 SET @OLD_FOREIGN_KEY_CHECKS=@@FOREIGN_KEY_CHECKS, FOREIGN_KEY_CHECKS=0 */;
/*!40101 SET @OLD_SQL_MODE=@@SQL_MODE, SQL_MODE='NO_AUTO_VALUE_ON_ZERO' */;
/*!40111 SET @OLD_SQL_NOTES=@@SQL_NOTES, SQL_NOTES=0 */;

--
-- Table structure for table `cache`
--

DROP TABLE IF EXISTS `cache`;
/*!40101 SET @saved_cs_client     = @@character_set_client */;
/*!50503 SET character_set_client = utf8mb4 */;
CREATE TABLE `cache` (
  `key` varchar(255) COLLATE utf8mb4_unicode_ci NOT NULL,
  `value` mediumtext COLLATE utf8mb4_unicode_ci NOT NULL,
  `expiration` int NOT NULL,
  PRIMARY KEY (`key`)
) ENGINE=InnoDB DEFAULT CHARSET=utf8mb4 COLLATE=utf8mb4_unicode_ci;
/*!40101 SET character_set_client = @saved_cs_client */;

--
-- Dumping data for table `cache`
--

LOCK TABLES `cache` WRITE;
/*!40000 ALTER TABLE `cache` DISABLE KEYS */;
/*!40000 ALTER TABLE `cache` ENABLE KEYS */;
UNLOCK TABLES;

--
-- Table structure for table `cache_locks`
--

DROP TABLE IF EXISTS `cache_locks`;
/*!40101 SET @saved_cs_client     = @@character_set_client */;
/*!50503 SET character_set_client = utf8mb4 */;
CREATE TABLE `cache_locks` (
  `key` varchar(255) COLLATE utf8mb4_unicode_ci NOT NULL,
  `owner` varchar(255) COLLATE utf8mb4_unicode_ci NOT NULL,
  `expiration` int NOT NULL,
  PRIMARY KEY (`key`)
) ENGINE=InnoDB DEFAULT CHARSET=utf8mb4 COLLATE=utf8mb4_unicode_ci;
/*!40101 SET character_set_client = @saved_cs_client */;

--
-- Dumping data for table `cache_locks`
--

LOCK TABLES `cache_locks` WRITE;
/*!40000 ALTER TABLE `cache_locks` DISABLE KEYS */;
/*!40000 ALTER TABLE `cache_locks` ENABLE KEYS */;
UNLOCK TABLES;

--
-- Table structure for table `failed_jobs`
--

DROP TABLE IF EXISTS `failed_jobs`;
/*!40101 SET @saved_cs_client     = @@character_set_client */;
/*!50503 SET character_set_client = utf8mb4 */;
CREATE TABLE `failed_jobs` (
  `id` bigint unsigned NOT NULL AUTO_INCREMENT,
  `uuid` varchar(255) COLLATE utf8mb4_unicode_ci NOT NULL,
  `connection` text COLLATE utf8mb4_unicode_ci NOT NULL,
  `queue` text COLLATE utf8mb4_unicode_ci NOT NULL,
  `payload` longtext COLLATE utf8mb4_unicode_ci NOT NULL,
  `exception` longtext COLLATE utf8mb4_unicode_ci NOT NULL,
  `failed_at` timestamp NOT NULL DEFAULT CURRENT_TIMESTAMP,
  PRIMARY KEY (`id`),
  UNIQUE KEY `failed_jobs_uuid_unique` (`uuid`)
) ENGINE=InnoDB DEFAULT CHARSET=utf8mb4 COLLATE=utf8mb4_unicode_ci;
/*!40101 SET character_set_client = @saved_cs_client */;

--
-- Dumping data for table `failed_jobs`
--

LOCK TABLES `failed_jobs` WRITE;
/*!40000 ALTER TABLE `failed_jobs` DISABLE KEYS */;
/*!40000 ALTER TABLE `failed_jobs` ENABLE KEYS */;
UNLOCK TABLES;

--
-- Table structure for table `job_batches`
--

DROP TABLE IF EXISTS `job_batches`;
/*!40101 SET @saved_cs_client     = @@character_set_client */;
/*!50503 SET character_set_client = utf8mb4 */;
CREATE TABLE `job_batches` (
  `id` varchar(255) COLLATE utf8mb4_unicode_ci NOT NULL,
  `name` varchar(255) COLLATE utf8mb4_unicode_ci NOT NULL,
  `total_jobs` int NOT NULL,
  `pending_jobs` int NOT NULL,
  `failed_jobs` int NOT NULL,
  `failed_job_ids` longtext COLLATE utf8mb4_unicode_ci NOT NULL,
  `options` mediumtext COLLATE utf8mb4_unicode_ci,
  `cancelled_at` int DEFAULT NULL,
  `created_at` int NOT NULL,
  `finished_at` int DEFAULT NULL,
  PRIMARY KEY (`id`)
) ENGINE=InnoDB DEFAULT CHARSET=utf8mb4 COLLATE=utf8mb4_unicode_ci;
/*!40101 SET character_set_client = @saved_cs_client */;

--
-- Dumping data for table `job_batches`
--

LOCK TABLES `job_batches` WRITE;
/*!40000 ALTER TABLE `job_batches` DISABLE KEYS */;
/*!40000 ALTER TABLE `job_batches` ENABLE KEYS */;
UNLOCK TABLES;

--
-- Table structure for table `jobs`
--

DROP TABLE IF EXISTS `jobs`;
/*!40101 SET @saved_cs_client     = @@character_set_client */;
/*!50503 SET character_set_client = utf8mb4 */;
CREATE TABLE `jobs` (
  `id` bigint unsigned NOT NULL AUTO_INCREMENT,
  `queue` varchar(255) COLLATE utf8mb4_unicode_ci NOT NULL,
  `payload` longtext COLLATE utf8mb4_unicode_ci NOT NULL,
  `attempts` tinyint unsigned NOT NULL,
  `reserved_at` int unsigned DEFAULT NULL,
  `available_at` int unsigned NOT NULL,
  `created_at` int unsigned NOT NULL,
  PRIMARY KEY (`id`),
  KEY `jobs_queue_index` (`queue`)
) ENGINE=InnoDB DEFAULT CHARSET=utf8mb4 COLLATE=utf8mb4_unicode_ci;
/*!40101 SET character_set_client = @saved_cs_client */;

--
-- Dumping data for table `jobs`
--

LOCK TABLES `jobs` WRITE;
/*!40000 ALTER TABLE `jobs` DISABLE KEYS */;
/*!40000 ALTER TABLE `jobs` ENABLE KEYS */;
UNLOCK TABLES;

--
-- Table structure for table `migrations`
--

DROP TABLE IF EXISTS `migrations`;
/*!40101 SET @saved_cs_client     = @@character_set_client */;
/*!50503 SET character_set_client = utf8mb4 */;
CREATE TABLE `migrations` (
  `id` int unsigned NOT NULL AUTO_INCREMENT,
  `migration` varchar(255) COLLATE utf8mb4_unicode_ci NOT NULL,
  `batch` int NOT NULL,
  PRIMARY KEY (`id`)
) ENGINE=InnoDB AUTO_INCREMENT=7 DEFAULT CHARSET=utf8mb4 COLLATE=utf8mb4_unicode_ci;
/*!40101 SET character_set_client = @saved_cs_client */;

--
-- Dumping data for table `migrations`
--

LOCK TABLES `migrations` WRITE;
/*!40000 ALTER TABLE `migrations` DISABLE KEYS */;
INSERT INTO `migrations` VALUES (1,'0001_01_01_000000_create_users_table',1),(2,'0001_01_01_000001_create_cache_table',1),(3,'0001_01_01_000002_create_jobs_table',1),(4,'2024_06_07_101437_create_reloj_vinteds_table',1),(5,'2024_06_07_103458_create_reloj_wallapops_table',1),(6,'2024_06_11_103404_create_reloj_viejos_table',1);
/*!40000 ALTER TABLE `migrations` ENABLE KEYS */;
UNLOCK TABLES;

--
-- Table structure for table `password_reset_tokens`
--

DROP TABLE IF EXISTS `password_reset_tokens`;
/*!40101 SET @saved_cs_client     = @@character_set_client */;
/*!50503 SET character_set_client = utf8mb4 */;
CREATE TABLE `password_reset_tokens` (
  `email` varchar(255) COLLATE utf8mb4_unicode_ci NOT NULL,
  `token` varchar(255) COLLATE utf8mb4_unicode_ci NOT NULL,
  `created_at` timestamp NULL DEFAULT NULL,
  PRIMARY KEY (`email`)
) ENGINE=InnoDB DEFAULT CHARSET=utf8mb4 COLLATE=utf8mb4_unicode_ci;
/*!40101 SET character_set_client = @saved_cs_client */;

--
-- Dumping data for table `password_reset_tokens`
--

LOCK TABLES `password_reset_tokens` WRITE;
/*!40000 ALTER TABLE `password_reset_tokens` DISABLE KEYS */;
/*!40000 ALTER TABLE `password_reset_tokens` ENABLE KEYS */;
UNLOCK TABLES;

--
-- Table structure for table `relojes_viejos`
--

DROP TABLE IF EXISTS `relojes_viejos`;
/*!40101 SET @saved_cs_client     = @@character_set_client */;
/*!50503 SET character_set_client = utf8mb4 */;
CREATE TABLE `relojes_viejos` (
  `id` bigint unsigned NOT NULL AUTO_INCREMENT,
  `title` varchar(255) COLLATE utf8mb4_unicode_ci NOT NULL,
  `image_src` varchar(255) COLLATE utf8mb4_unicode_ci NOT NULL,
  `price` decimal(10,2) NOT NULL,
  `location` varchar(255) COLLATE utf8mb4_unicode_ci NOT NULL,
  `views` int NOT NULL,
  `url` varchar(255) COLLATE utf8mb4_unicode_ci NOT NULL,
  `identificador` varchar(255) COLLATE utf8mb4_unicode_ci NOT NULL,
  `tipo` int NOT NULL,
  `fecha_obtencion` date NOT NULL,
  `reloj_vinted_id` bigint unsigned DEFAULT NULL,
  `reloj_wallapop_id` bigint unsigned DEFAULT NULL,
  `created_at` timestamp NULL DEFAULT NULL,
  `updated_at` timestamp NULL DEFAULT NULL,
  PRIMARY KEY (`id`),
  KEY `relojes_viejos_reloj_vinted_id_foreign` (`reloj_vinted_id`),
  KEY `relojes_viejos_reloj_wallapop_id_foreign` (`reloj_wallapop_id`),
  CONSTRAINT `relojes_viejos_reloj_vinted_id_foreign` FOREIGN KEY (`reloj_vinted_id`) REFERENCES `relojes_vinted` (`id`) ON DELETE CASCADE,
  CONSTRAINT `relojes_viejos_reloj_wallapop_id_foreign` FOREIGN KEY (`reloj_wallapop_id`) REFERENCES `relojes_wallapop` (`id`) ON DELETE CASCADE
) ENGINE=InnoDB AUTO_INCREMENT=196 DEFAULT CHARSET=utf8mb4 COLLATE=utf8mb4_unicode_ci;
/*!40101 SET character_set_client = @saved_cs_client */;

--
-- Dumping data for table `relojes_viejos`
--

LOCK TABLES `relojes_viejos` WRITE;
/*!40000 ALTER TABLE `relojes_viejos` DISABLE KEYS */;
INSERT INTO `relojes_viejos` VALUES (1,'Swatch x Omega Mission to the Moon Black Unisex Ad','https://cdn.wallapop.com/images/10420/gt/2x/__/c10420p1016304892/i4949855039.jpg?pictureSize=W640',175.00,'Madrid',50,'https://es.wallapop.com/item/swatch-x-omega-mission-to-the-moon-black-unisex-ad-1016304892','1016304892',2,'2024-06-11',NULL,1,'2024-06-11 15:21:15','2024-06-11 15:21:15'),(2,'Swatch x Omega watch reloj Neptuno','https://cdn.wallapop.com/images/10420/gg/v1/__/c10420p995781387/i4833539154.jpg?pictureSize=W640',350.00,'Valencia',407,'https://es.wallapop.com/item/swatch-x-omega-watch-reloj-neptuno-995781387','995781387',2,'2024-06-11',NULL,2,'2024-06-11 15:21:15','2024-06-11 15:21:15'),(3,'Omega x Swatch Moon/Luna','https://cdn.wallapop.com/images/10420/gd/df/__/c10420p989920777/i4800361172.jpg?pictureSize=W640',295.00,'Valencia',537,'https://es.wallapop.com/item/omega-x-swatch-moon-luna-989920777','989920777',2,'2024-06-11',NULL,7,'2024-06-11 15:21:15','2024-06-11 15:21:15'),(4,'Swatch x omega','https://cdn.wallapop.com/images/10420/gn/ri/__/c10420p1007373156/i4901552653.jpg?pictureSize=W640',320.00,'Barcelona',281,'https://es.wallapop.com/item/swatch-x-omega-1007373156','1007373156',2,'2024-06-11',NULL,4,'2024-06-11 15:21:15','2024-06-11 15:21:15'),(5,'Omega Seamaster Cosmic Automatic','https://cdn.wallapop.com/images/10420/g4/d4/__/c10420p974789439/i4713668882.jpg?pictureSize=W640',570.00,'Santiago de Compostela',430,'https://es.wallapop.com/item/omega-seamaster-cosmic-974789439','974789439',2,'2024-06-11',NULL,3,'2024-06-11 15:21:15','2024-06-11 15:21:15'),(6,'OMEGA SEAMASTER DATE ORO PLATE DAY DATE a Reparar','https://cdn.wallapop.com/images/10420/gf/hb/__/c10420p993461013/i4820568067.jpg?pictureSize=W640',219.00,'L\' Ametlla del Valles',404,'https://es.wallapop.com/item/omega-seamaster-date-oro-plate-day-date-a-reparar-993461013','993461013',2,'2024-06-11',NULL,6,'2024-06-11 15:21:15','2024-06-11 15:21:15'),(7,'Omega Plaque or L 80 Microns Ref: 2524-7','https://cdn.wallapop.com/images/10420/fq/9x/__/c10420p951125802/i3572602119.jpg?pictureSize=W640',450.00,'Gijón',180,'https://es.wallapop.com/item/omega-plaque-or-l-80-microns-ref-2524-7-951125802','951125802',2,'2024-06-11',NULL,5,'2024-06-11 15:21:15','2024-06-11 15:21:15'),(8,'Vintage Omega De Ville 1980 men’s wristwatch','https://images1.vinted.net/t/01_00cd2_yuTA1ELyaZPSpR3T4tB2zwib/f800/1718043156.jpeg?s=780b76e461fcf9d787f4529fd363229bdfe31cde',475.00,'LEEUWARDEN, PAÍSES BAJOS',1,'https://www.vinted.es/items/4625591741-vintage-omega-de-ville-1980-mens-wristwatch?referrer=catalog','4625591741',1,'2024-06-11',1,NULL,'2024-06-11 15:21:15','2024-06-11 15:21:15'),(9,'Omega Seamaster Planet Ocean Watch','https://images1.vinted.net/t/03_0194d_yEvCMhVG1Wxq6MFqp2FXsibc/f800/1718019206.jpeg?s=a246e290a82917d723ace89ac9f1e548e498f39d',3500.00,'PARIS, FRANCIA',50,'https://www.vinted.es/items/4623302447-omega-seamaster-planet-ocean-watch?referrer=catalog','4623302447',1,'2024-06-11',3,NULL,'2024-06-11 15:21:15','2024-06-11 15:21:15'),(10,'Omega Automatic Watch','https://images1.vinted.net/t/02_0069a_M73mpinSDabAKqsNEcyYsriv/f800/1718018765.jpeg?s=919bdc203ac0cdbe94eeb0b5ffefacdf0caea1b6',599.00,'PARIS, FRANCIA',44,'https://www.vinted.es/items/4623264293-omega-automatic-watch?referrer=catalog','4623264293',1,'2024-06-11',4,NULL,'2024-06-11 15:21:15','2024-06-11 15:21:15'),(11,'Omega Speedmaster Racing Watch','https://images1.vinted.net/t/03_01006_G9hAAvbQtHymEZT4ZXtKewXW/f800/1718019733.jpeg?s=a956aa484e93ef6fd7b1971e0cc2539498a155e0',3250.00,'PARIS, FRANCIA',82,'https://www.vinted.es/items/4623348265-omega-speedmaster-racing-watch?referrer=catalog','4623348265',1,'2024-06-11',8,NULL,'2024-06-11 15:21:15','2024-06-11 15:21:15'),(12,'Omega Genève Seamaster','https://images1.vinted.net/t/02_0111a_dtHUKBpDJSYWG3KWMJeRegCd/f800/1718051223.jpeg?s=1907c4ecbdb036a60ca4f3426cb4228023bd56ab',875.00,'BROUWERSHAVEN, PAÍSES BAJOS',80,'https://www.vinted.es/items/4626307519-omega-geneve-seamaster?referrer=catalog','4626307519',1,'2024-06-11',6,NULL,'2024-06-11 15:21:15','2024-06-11 15:21:15'),(13,'Tissot Seastar | Omega de Ville (not working yet) | Seiko 5 Automatic + More (Watch Box Included)','https://images1.vinted.net/t/03_013fc_Z3MvpaHhENotarbrzyNu95DD/f800/1718009608.jpeg?s=0da568e79190ec1375be10d3be5b7b1ec6dee2dd',225.00,'TILBURG, PAÍSES BAJOS',73,'https://www.vinted.es/items/4622522279-tissot-seastar-omega-de-ville-not-working-yet-seiko-5-automatic-more-watch-box-included?referrer=catalog','4622522279',1,'2024-06-11',5,NULL,'2024-06-11 15:21:15','2024-06-11 15:21:15'),(14,'Omega 14k solid white gold watch','https://images1.vinted.net/t/03_01a08_yP7ag9UbQXwUJq1vG9W1t1wU/f800/1717960757.jpeg?s=87d4df457586d363763edaaf84e8c6b2eaa36ab4',270.00,'MILANO, ITALIA',8,'https://www.vinted.es/items/4621309761-omega-14k-solid-white-gold-watch?referrer=catalog','4621309761',1,'2024-06-11',2,NULL,'2024-06-11 15:21:15','2024-06-11 15:21:15'),(15,'Omega x Swatch speedmaster moon s watch','https://images1.vinted.net/t/03_00103_sr6dDSPBh3sTRrfxsgrZVM4h/f800/1718109259.jpeg?s=6d587ece7f0156a62b24d4db247c93cac509be35',90.00,'CROSNE, FRANCIA',10,'https://www.vinted.es/items/4628308776-omega-x-swatch-speedmaster-moon-s-watch?referrer=catalog','4628308776',1,'2024-06-11',7,NULL,'2024-06-11 15:21:15','2024-06-11 15:21:15'),(16,'Swatch x Omega Mission to the Moon Black Unisex Ad','https://cdn.wallapop.com/images/10420/gt/2x/__/c10420p1016304892/i4949855039.jpg?pictureSize=W640',175.00,'Madrid',51,'https://es.wallapop.com/item/swatch-x-omega-mission-to-the-moon-black-unisex-ad-1016304892','1016304892',2,'2024-06-11',NULL,1,'2024-06-11 15:38:29','2024-06-11 15:38:29'),(17,'Swatch x Omega watch reloj Neptuno','https://cdn.wallapop.com/images/10420/gg/v1/__/c10420p995781387/i4833539154.jpg?pictureSize=W640',350.00,'Valencia',408,'https://es.wallapop.com/item/swatch-x-omega-watch-reloj-neptuno-995781387','995781387',2,'2024-06-11',NULL,2,'2024-06-11 15:38:29','2024-06-11 15:38:29'),(18,'Swatch x omega','https://cdn.wallapop.com/images/10420/gn/ri/__/c10420p1007373156/i4901552653.jpg?pictureSize=W640',320.00,'Barcelona',282,'https://es.wallapop.com/item/swatch-x-omega-1007373156','1007373156',2,'2024-06-11',NULL,4,'2024-06-11 15:38:29','2024-06-11 15:38:29'),(19,'OMEGA SEAMASTER DATE ORO PLATE DAY DATE a Reparar','https://cdn.wallapop.com/images/10420/gf/hb/__/c10420p993461013/i4820568067.jpg?pictureSize=W640',219.00,'L\' Ametlla del Valles',404,'https://es.wallapop.com/item/omega-seamaster-date-oro-plate-day-date-a-reparar-993461013','993461013',2,'2024-06-11',NULL,6,'2024-06-11 15:38:29','2024-06-11 15:38:29'),(20,'Omega x Swatch Moon/Luna','https://cdn.wallapop.com/images/10420/gd/df/__/c10420p989920777/i4800361172.jpg?pictureSize=W640',295.00,'Valencia',537,'https://es.wallapop.com/item/omega-x-swatch-moon-luna-989920777','989920777',2,'2024-06-11',NULL,7,'2024-06-11 15:38:29','2024-06-11 15:38:29'),(21,'Omega Seamaster Cosmic Automatic','https://cdn.wallapop.com/images/10420/g4/d4/__/c10420p974789439/i4713668882.jpg?pictureSize=W640',570.00,'Santiago de Compostela',430,'https://es.wallapop.com/item/omega-seamaster-cosmic-974789439','974789439',2,'2024-06-11',NULL,3,'2024-06-11 15:38:29','2024-06-11 15:38:29'),(22,'Omega Plaque or L 80 Microns Ref: 2524-7','https://cdn.wallapop.com/images/10420/fq/9x/__/c10420p951125802/i3572602119.jpg?pictureSize=W640',450.00,'Gijón',180,'https://es.wallapop.com/item/omega-plaque-or-l-80-microns-ref-2524-7-951125802','951125802',2,'2024-06-11',NULL,5,'2024-06-11 15:38:29','2024-06-11 15:38:29'),(23,'Vintage Omega 30 or 30t1 for parts and spares','https://images1.vinted.net/t/03_0160b_E431rqxSXXE7Fp544zgwvdAE/f800/1718052269.jpeg?s=e4ee302d11bc51b33db4b1fd14d9b6f02059226a',600.00,'PORTIMÃO, PORTUGAL',19,'https://www.vinted.es/items/4626374037-vintage-omega-30-or-30t1-for-parts-and-spares?referrer=catalog','4626374037',1,'2024-06-11',9,NULL,'2024-06-11 15:38:29','2024-06-11 15:38:29'),(24,'Vintage Omega De Ville 1980 men’s wristwatch','https://images1.vinted.net/t/01_00cd2_yuTA1ELyaZPSpR3T4tB2zwib/f800/1718043156.jpeg?s=780b76e461fcf9d787f4529fd363229bdfe31cde',475.00,'LEEUWARDEN, PAÍSES BAJOS',11,'https://www.vinted.es/items/4625591741-vintage-omega-de-ville-1980-mens-wristwatch?referrer=catalog','4625591741',1,'2024-06-11',1,NULL,'2024-06-11 15:38:29','2024-06-11 15:38:29'),(25,'Omega Speedmaster Racing Watch','https://images1.vinted.net/t/03_01006_G9hAAvbQtHymEZT4ZXtKewXW/f800/1718019733.jpeg?s=a956aa484e93ef6fd7b1971e0cc2539498a155e0',3250.00,'PARIS, FRANCIA',85,'https://www.vinted.es/items/4623348265-omega-speedmaster-racing-watch?referrer=catalog','4623348265',1,'2024-06-11',8,NULL,'2024-06-11 15:38:29','2024-06-11 15:38:29'),(26,'Omega Seamaster Planet Ocean Watch','https://images1.vinted.net/t/03_0194d_yEvCMhVG1Wxq6MFqp2FXsibc/f800/1718019206.jpeg?s=a246e290a82917d723ace89ac9f1e548e498f39d',3500.00,'PARIS, FRANCIA',51,'https://www.vinted.es/items/4623302447-omega-seamaster-planet-ocean-watch?referrer=catalog','4623302447',1,'2024-06-11',3,NULL,'2024-06-11 15:38:29','2024-06-11 15:38:29'),(27,'Omega Automatic Watch','https://images1.vinted.net/t/02_0069a_M73mpinSDabAKqsNEcyYsriv/f800/1718018765.jpeg?s=919bdc203ac0cdbe94eeb0b5ffefacdf0caea1b6',599.00,'PARIS, FRANCIA',44,'https://www.vinted.es/items/4623264293-omega-automatic-watch?referrer=catalog','4623264293',1,'2024-06-11',4,NULL,'2024-06-11 15:38:29','2024-06-11 15:38:29'),(28,'Omega Genève Seamaster','https://images1.vinted.net/t/02_0111a_dtHUKBpDJSYWG3KWMJeRegCd/f800/1718051223.jpeg?s=1907c4ecbdb036a60ca4f3426cb4228023bd56ab',875.00,'BROUWERSHAVEN, PAÍSES BAJOS',85,'https://www.vinted.es/items/4626307519-omega-geneve-seamaster?referrer=catalog','4626307519',1,'2024-06-11',6,NULL,'2024-06-11 15:38:29','2024-06-11 15:38:29'),(29,'Tissot Seastar | Omega de Ville (not working yet) | Seiko 5 Automatic + More (Watch Box Included)','https://images1.vinted.net/t/03_013fc_Z3MvpaHhENotarbrzyNu95DD/f800/1718009608.jpeg?s=0da568e79190ec1375be10d3be5b7b1ec6dee2dd',225.00,'TILBURG, PAÍSES BAJOS',99,'https://www.vinted.es/items/4622522279-tissot-seastar-omega-de-ville-not-working-yet-seiko-5-automatic-more-watch-box-included?referrer=catalog','4622522279',1,'2024-06-11',5,NULL,'2024-06-11 15:38:29','2024-06-11 15:38:29'),(30,'Omega 14k solid white gold watch','https://images1.vinted.net/t/03_01a08_yP7ag9UbQXwUJq1vG9W1t1wU/f800/1717960757.jpeg?s=87d4df457586d363763edaaf84e8c6b2eaa36ab4',270.00,'MILANO, ITALIA',14,'https://www.vinted.es/items/4621309761-omega-14k-solid-white-gold-watch?referrer=catalog','4621309761',1,'2024-06-11',2,NULL,'2024-06-11 15:38:29','2024-06-11 15:38:29'),(31,'Omega x Swatch speedmaster moon s watch','https://images1.vinted.net/t/03_00103_sr6dDSPBh3sTRrfxsgrZVM4h/f800/1718109259.jpeg?s=6d587ece7f0156a62b24d4db247c93cac509be35',90.00,'CROSNE, FRANCIA',65,'https://www.vinted.es/items/4628308776-omega-x-swatch-speedmaster-moon-s-watch?referrer=catalog','4628308776',1,'2024-06-11',7,NULL,'2024-06-11 15:38:29','2024-06-11 15:38:29'),(32,'Swatch x Omega Mission to the Moon Black Unisex Ad','https://cdn.wallapop.com/images/10420/gt/2x/__/c10420p1016304892/i4949855039.jpg?pictureSize=W640',175.00,'Madrid',51,'https://es.wallapop.com/item/swatch-x-omega-mission-to-the-moon-black-unisex-ad-1016304892','1016304892',2,'2024-06-11',NULL,1,'2024-06-11 16:07:00','2024-06-11 16:07:00'),(33,'Swatch x Omega watch reloj Neptuno','https://cdn.wallapop.com/images/10420/gg/v1/__/c10420p995781387/i4833539154.jpg?pictureSize=W640',350.00,'Valencia',408,'https://es.wallapop.com/item/swatch-x-omega-watch-reloj-neptuno-995781387','995781387',2,'2024-06-11',NULL,2,'2024-06-11 16:07:00','2024-06-11 16:07:00'),(34,'Swatch x omega','https://cdn.wallapop.com/images/10420/gn/ri/__/c10420p1007373156/i4901552653.jpg?pictureSize=W640',320.00,'Barcelona',282,'https://es.wallapop.com/item/swatch-x-omega-1007373156','1007373156',2,'2024-06-11',NULL,4,'2024-06-11 16:07:00','2024-06-11 16:07:00'),(35,'OMEGA SEAMASTER DATE ORO PLATE DAY DATE a Reparar','https://cdn.wallapop.com/images/10420/gf/hb/__/c10420p993461013/i4820568067.jpg?pictureSize=W640',219.00,'L\' Ametlla del Valles',404,'https://es.wallapop.com/item/omega-seamaster-date-oro-plate-day-date-a-reparar-993461013','993461013',2,'2024-06-11',NULL,6,'2024-06-11 16:07:00','2024-06-11 16:07:00'),(36,'Omega x Swatch Moon/Luna','https://cdn.wallapop.com/images/10420/gd/df/__/c10420p989920777/i4800361172.jpg?pictureSize=W640',295.00,'Valencia',537,'https://es.wallapop.com/item/omega-x-swatch-moon-luna-989920777','989920777',2,'2024-06-11',NULL,7,'2024-06-11 16:07:00','2024-06-11 16:07:00'),(37,'Omega Seamaster Cosmic Automatic','https://cdn.wallapop.com/images/10420/g4/d4/__/c10420p974789439/i4713668882.jpg?pictureSize=W640',570.00,'Santiago de Compostela',430,'https://es.wallapop.com/item/omega-seamaster-cosmic-974789439','974789439',2,'2024-06-11',NULL,3,'2024-06-11 16:07:00','2024-06-11 16:07:00'),(38,'Omega Plaque or L 80 Microns Ref: 2524-7','https://cdn.wallapop.com/images/10420/fq/9x/__/c10420p951125802/i3572602119.jpg?pictureSize=W640',450.00,'Gijón',180,'https://es.wallapop.com/item/omega-plaque-or-l-80-microns-ref-2524-7-951125802','951125802',2,'2024-06-11',NULL,5,'2024-06-11 16:07:00','2024-06-11 16:07:00'),(39,'Vintage Omega 30 or 30t1 for parts and spares','https://images1.vinted.net/t/03_0160b_E431rqxSXXE7Fp544zgwvdAE/f800/1718052269.jpeg?s=e4ee302d11bc51b33db4b1fd14d9b6f02059226a',600.00,'PORTIMÃO, PORTUGAL',22,'https://www.vinted.es/items/4626374037-vintage-omega-30-or-30t1-for-parts-and-spares?referrer=catalog','4626374037',1,'2024-06-11',9,NULL,'2024-06-11 16:07:00','2024-06-11 16:07:00'),(40,'Omega x Swatch speedmaster moon s watch','https://images1.vinted.net/t/03_00103_sr6dDSPBh3sTRrfxsgrZVM4h/f800/1718109259.jpeg?s=6d587ece7f0156a62b24d4db247c93cac509be35',90.00,'CROSNE, FRANCIA',83,'https://www.vinted.es/items/4628308776-omega-x-swatch-speedmaster-moon-s-watch?referrer=catalog','4628308776',1,'2024-06-11',7,NULL,'2024-06-11 16:07:00','2024-06-11 16:07:00'),(41,'Omega Seamaster Planet Ocean Watch','https://images1.vinted.net/t/03_0194d_yEvCMhVG1Wxq6MFqp2FXsibc/f800/1718019206.jpeg?s=a246e290a82917d723ace89ac9f1e548e498f39d',3500.00,'PARIS, FRANCIA',51,'https://www.vinted.es/items/4623302447-omega-seamaster-planet-ocean-watch?referrer=catalog','4623302447',1,'2024-06-11',3,NULL,'2024-06-11 16:07:00','2024-06-11 16:07:00'),(42,'Omega Automatic Watch','https://images1.vinted.net/t/02_0069a_M73mpinSDabAKqsNEcyYsriv/f800/1718018765.jpeg?s=919bdc203ac0cdbe94eeb0b5ffefacdf0caea1b6',599.00,'PARIS, FRANCIA',44,'https://www.vinted.es/items/4623264293-omega-automatic-watch?referrer=catalog','4623264293',1,'2024-06-11',4,NULL,'2024-06-11 16:07:00','2024-06-11 16:07:00'),(43,'Omega Speedmaster Racing Watch','https://images1.vinted.net/t/03_01006_G9hAAvbQtHymEZT4ZXtKewXW/f800/1718019733.jpeg?s=a956aa484e93ef6fd7b1971e0cc2539498a155e0',3250.00,'PARIS, FRANCIA',85,'https://www.vinted.es/items/4623348265-omega-speedmaster-racing-watch?referrer=catalog','4623348265',1,'2024-06-11',8,NULL,'2024-06-11 16:07:00','2024-06-11 16:07:00'),(44,'Omega Genève Seamaster','https://images1.vinted.net/t/02_0111a_dtHUKBpDJSYWG3KWMJeRegCd/f800/1718051223.jpeg?s=1907c4ecbdb036a60ca4f3426cb4228023bd56ab',875.00,'BROUWERSHAVEN, PAÍSES BAJOS',86,'https://www.vinted.es/items/4626307519-omega-geneve-seamaster?referrer=catalog','4626307519',1,'2024-06-11',6,NULL,'2024-06-11 16:07:00','2024-06-11 16:07:00'),(45,'Tissot Seastar | Omega de Ville (not working yet) | Seiko 5 Automatic + More (Watch Box Included)','https://images1.vinted.net/t/03_013fc_Z3MvpaHhENotarbrzyNu95DD/f800/1718009608.jpeg?s=0da568e79190ec1375be10d3be5b7b1ec6dee2dd',225.00,'TILBURG, PAÍSES BAJOS',102,'https://www.vinted.es/items/4622522279-tissot-seastar-omega-de-ville-not-working-yet-seiko-5-automatic-more-watch-box-included?referrer=catalog','4622522279',1,'2024-06-11',5,NULL,'2024-06-11 16:07:00','2024-06-11 16:07:00'),(46,'Omega 14k solid white gold watch','https://images1.vinted.net/t/03_01a08_yP7ag9UbQXwUJq1vG9W1t1wU/f800/1717960757.jpeg?s=87d4df457586d363763edaaf84e8c6b2eaa36ab4',270.00,'MILANO, ITALIA',15,'https://www.vinted.es/items/4621309761-omega-14k-solid-white-gold-watch?referrer=catalog','4621309761',1,'2024-06-11',2,NULL,'2024-06-11 16:07:00','2024-06-11 16:07:00'),(47,'Vintage Omega De Ville 1980 men’s wristwatch','https://images1.vinted.net/t/01_00cd2_yuTA1ELyaZPSpR3T4tB2zwib/f800/1718043156.jpeg?s=780b76e461fcf9d787f4529fd363229bdfe31cde',475.00,'LEEUWARDEN, PAÍSES BAJOS',11,'https://www.vinted.es/items/4625591741-vintage-omega-de-ville-1980-mens-wristwatch?referrer=catalog','4625591741',1,'2024-06-11',1,NULL,'2024-06-11 16:07:00','2024-06-11 16:07:00'),(48,'Swatch x Omega Mission to the Moon Black Unisex Ad','https://cdn.wallapop.com/images/10420/gt/2x/__/c10420p1016304892/i4949855039.jpg?pictureSize=W640',175.00,'Madrid',51,'https://es.wallapop.com/item/swatch-x-omega-mission-to-the-moon-black-unisex-ad-1016304892','1016304892',2,'2024-06-11',NULL,1,'2024-06-11 17:07:00','2024-06-11 17:07:00'),(49,'Swatch x Omega watch reloj Neptuno','https://cdn.wallapop.com/images/10420/gg/v1/__/c10420p995781387/i4833539154.jpg?pictureSize=W640',350.00,'Valencia',408,'https://es.wallapop.com/item/swatch-x-omega-watch-reloj-neptuno-995781387','995781387',2,'2024-06-11',NULL,2,'2024-06-11 17:07:00','2024-06-11 17:07:00'),(50,'Omega x Swatch Moon/Luna','https://cdn.wallapop.com/images/10420/gd/df/__/c10420p989920777/i4800361172.jpg?pictureSize=W640',295.00,'Valencia',537,'https://es.wallapop.com/item/omega-x-swatch-moon-luna-989920777','989920777',2,'2024-06-11',NULL,7,'2024-06-11 17:07:00','2024-06-11 17:07:00'),(51,'Swatch x omega','https://cdn.wallapop.com/images/10420/gn/ri/__/c10420p1007373156/i4901552653.jpg?pictureSize=W640',320.00,'Barcelona',282,'https://es.wallapop.com/item/swatch-x-omega-1007373156','1007373156',2,'2024-06-11',NULL,4,'2024-06-11 17:07:00','2024-06-11 17:07:00'),(52,'OMEGA SEAMASTER DATE ORO PLATE DAY DATE a Reparar','https://cdn.wallapop.com/images/10420/gf/hb/__/c10420p993461013/i4820568067.jpg?pictureSize=W640',219.00,'L\' Ametlla del Valles',404,'https://es.wallapop.com/item/omega-seamaster-date-oro-plate-day-date-a-reparar-993461013','993461013',2,'2024-06-11',NULL,6,'2024-06-11 17:07:00','2024-06-11 17:07:00'),(53,'Omega Seamaster Cosmic Automatic','https://cdn.wallapop.com/images/10420/g4/d4/__/c10420p974789439/i4713668882.jpg?pictureSize=W640',570.00,'Santiago de Compostela',430,'https://es.wallapop.com/item/omega-seamaster-cosmic-974789439','974789439',2,'2024-06-11',NULL,3,'2024-06-11 17:07:00','2024-06-11 17:07:00'),(54,'Omega Plaque or L 80 Microns Ref: 2524-7','https://cdn.wallapop.com/images/10420/fq/9x/__/c10420p951125802/i3572602119.jpg?pictureSize=W640',450.00,'Gijón',180,'https://es.wallapop.com/item/omega-plaque-or-l-80-microns-ref-2524-7-951125802','951125802',2,'2024-06-11',NULL,5,'2024-06-11 17:07:00','2024-06-11 17:07:00'),(55,'Vintage Omega 30 or 30t1 for parts and spares','https://images1.vinted.net/t/03_0160b_E431rqxSXXE7Fp544zgwvdAE/f800/1718052269.jpeg?s=e4ee302d11bc51b33db4b1fd14d9b6f02059226a',600.00,'PORTIMÃO, PORTUGAL',23,'https://www.vinted.es/items/4626374037-vintage-omega-30-or-30t1-for-parts-and-spares?referrer=catalog','4626374037',1,'2024-06-11',9,NULL,'2024-06-11 17:07:00','2024-06-11 17:07:00'),(56,'Vintage Omega De Ville 1980 men’s wristwatch','https://images1.vinted.net/t/01_00cd2_yuTA1ELyaZPSpR3T4tB2zwib/f800/1718043156.jpeg?s=780b76e461fcf9d787f4529fd363229bdfe31cde',475.00,'LEEUWARDEN, PAÍSES BAJOS',11,'https://www.vinted.es/items/4625591741-vintage-omega-de-ville-1980-mens-wristwatch?referrer=catalog','4625591741',1,'2024-06-11',1,NULL,'2024-06-11 17:07:00','2024-06-11 17:07:00'),(57,'Omega Genève Seamaster','https://images1.vinted.net/t/02_0111a_dtHUKBpDJSYWG3KWMJeRegCd/f800/1718051223.jpeg?s=1907c4ecbdb036a60ca4f3426cb4228023bd56ab',875.00,'BROUWERSHAVEN, PAÍSES BAJOS',89,'https://www.vinted.es/items/4626307519-omega-geneve-seamaster?referrer=catalog','4626307519',1,'2024-06-11',6,NULL,'2024-06-11 17:07:00','2024-06-11 17:07:00'),(58,'Omega Speedmaster Racing Watch','https://images1.vinted.net/t/03_01006_G9hAAvbQtHymEZT4ZXtKewXW/f800/1718019733.jpeg?s=a956aa484e93ef6fd7b1971e0cc2539498a155e0',3250.00,'PARIS, FRANCIA',85,'https://www.vinted.es/items/4623348265-omega-speedmaster-racing-watch?referrer=catalog','4623348265',1,'2024-06-11',8,NULL,'2024-06-11 17:07:00','2024-06-11 17:07:00'),(59,'Omega Seamaster Planet Ocean Watch','https://images1.vinted.net/t/03_0194d_yEvCMhVG1Wxq6MFqp2FXsibc/f800/1718019206.jpeg?s=a246e290a82917d723ace89ac9f1e548e498f39d',3500.00,'PARIS, FRANCIA',51,'https://www.vinted.es/items/4623302447-omega-seamaster-planet-ocean-watch?referrer=catalog','4623302447',1,'2024-06-11',3,NULL,'2024-06-11 17:07:00','2024-06-11 17:07:00'),(60,'Omega Automatic Watch','https://images1.vinted.net/t/02_0069a_M73mpinSDabAKqsNEcyYsriv/f800/1718018765.jpeg?s=919bdc203ac0cdbe94eeb0b5ffefacdf0caea1b6',599.00,'PARIS, FRANCIA',44,'https://www.vinted.es/items/4623264293-omega-automatic-watch?referrer=catalog','4623264293',1,'2024-06-11',4,NULL,'2024-06-11 17:07:00','2024-06-11 17:07:00'),(61,'Tissot Seastar | Omega de Ville (not working yet) | Seiko 5 Automatic + More (Watch Box Included)','https://images1.vinted.net/t/03_013fc_Z3MvpaHhENotarbrzyNu95DD/f800/1718009608.jpeg?s=0da568e79190ec1375be10d3be5b7b1ec6dee2dd',225.00,'TILBURG, PAÍSES BAJOS',103,'https://www.vinted.es/items/4622522279-tissot-seastar-omega-de-ville-not-working-yet-seiko-5-automatic-more-watch-box-included?referrer=catalog','4622522279',1,'2024-06-11',5,NULL,'2024-06-11 17:07:00','2024-06-11 17:07:00'),(62,'Omega 14k solid white gold watch','https://images1.vinted.net/t/03_01a08_yP7ag9UbQXwUJq1vG9W1t1wU/f800/1717960757.jpeg?s=87d4df457586d363763edaaf84e8c6b2eaa36ab4',270.00,'MILANO, ITALIA',15,'https://www.vinted.es/items/4621309761-omega-14k-solid-white-gold-watch?referrer=catalog','4621309761',1,'2024-06-11',2,NULL,'2024-06-11 17:07:00','2024-06-11 17:07:00'),(63,'Omega x Swatch speedmaster moon s watch','https://images1.vinted.net/t/03_00103_sr6dDSPBh3sTRrfxsgrZVM4h/f800/1718109259.jpeg?s=6d587ece7f0156a62b24d4db247c93cac509be35',90.00,'CROSNE, FRANCIA',93,'https://www.vinted.es/items/4628308776-omega-x-swatch-speedmaster-moon-s-watch?referrer=catalog','4628308776',1,'2024-06-11',7,NULL,'2024-06-11 17:07:00','2024-06-11 17:07:00'),(64,'Swatch x Omega Mission to the Moon Black Unisex Ad','https://cdn.wallapop.com/images/10420/gt/2x/__/c10420p1016304892/i4949855039.jpg?pictureSize=W640',175.00,'Madrid',51,'https://es.wallapop.com/item/swatch-x-omega-mission-to-the-moon-black-unisex-ad-1016304892','1016304892',2,'2024-06-11',NULL,1,'2024-06-11 18:07:00','2024-06-11 18:07:00'),(65,'Swatch x Omega watch reloj Neptuno','https://cdn.wallapop.com/images/10420/gg/v1/__/c10420p995781387/i4833539154.jpg?pictureSize=W640',350.00,'Valencia',408,'https://es.wallapop.com/item/swatch-x-omega-watch-reloj-neptuno-995781387','995781387',2,'2024-06-11',NULL,2,'2024-06-11 18:07:00','2024-06-11 18:07:00'),(66,'Omega x Swatch Moon/Luna','https://cdn.wallapop.com/images/10420/gd/df/__/c10420p989920777/i4800361172.jpg?pictureSize=W640',295.00,'Valencia',537,'https://es.wallapop.com/item/omega-x-swatch-moon-luna-989920777','989920777',2,'2024-06-11',NULL,7,'2024-06-11 18:07:00','2024-06-11 18:07:00'),(67,'Swatch x omega','https://cdn.wallapop.com/images/10420/gn/ri/__/c10420p1007373156/i4901552653.jpg?pictureSize=W640',320.00,'Barcelona',282,'https://es.wallapop.com/item/swatch-x-omega-1007373156','1007373156',2,'2024-06-11',NULL,4,'2024-06-11 18:07:00','2024-06-11 18:07:00'),(68,'OMEGA SEAMASTER DATE ORO PLATE DAY DATE a Reparar','https://cdn.wallapop.com/images/10420/gf/hb/__/c10420p993461013/i4820568067.jpg?pictureSize=W640',219.00,'L\' Ametlla del Valles',404,'https://es.wallapop.com/item/omega-seamaster-date-oro-plate-day-date-a-reparar-993461013','993461013',2,'2024-06-11',NULL,6,'2024-06-11 18:07:00','2024-06-11 18:07:00'),(69,'Omega Seamaster Cosmic Automatic','https://cdn.wallapop.com/images/10420/g4/d4/__/c10420p974789439/i4713668882.jpg?pictureSize=W640',570.00,'Santiago de Compostela',430,'https://es.wallapop.com/item/omega-seamaster-cosmic-974789439','974789439',2,'2024-06-11',NULL,3,'2024-06-11 18:07:00','2024-06-11 18:07:00'),(70,'Vintage Omega 30 or 30t1 for parts and spares','https://images1.vinted.net/t/03_0160b_E431rqxSXXE7Fp544zgwvdAE/f800/1718052269.jpeg?s=e4ee302d11bc51b33db4b1fd14d9b6f02059226a',600.00,'PORTIMÃO, PORTUGAL',24,'https://www.vinted.es/items/4626374037-vintage-omega-30-or-30t1-for-parts-and-spares?referrer=catalog','4626374037',1,'2024-06-11',9,NULL,'2024-06-11 18:07:00','2024-06-11 18:07:00'),(71,'Omega x Swatch speedmaster moon s watch','https://images1.vinted.net/t/03_00103_sr6dDSPBh3sTRrfxsgrZVM4h/f800/1718109259.jpeg?s=6d587ece7f0156a62b24d4db247c93cac509be35',90.00,'CROSNE, FRANCIA',130,'https://www.vinted.es/items/4628308776-omega-x-swatch-speedmaster-moon-s-watch?referrer=catalog','4628308776',1,'2024-06-11',7,NULL,'2024-06-11 18:07:00','2024-06-11 18:07:00'),(72,'Omega Automatic Watch','https://images1.vinted.net/t/02_0069a_M73mpinSDabAKqsNEcyYsriv/f800/1718018765.jpeg?s=919bdc203ac0cdbe94eeb0b5ffefacdf0caea1b6',599.00,'PARIS, FRANCIA',44,'https://www.vinted.es/items/4623264293-omega-automatic-watch?referrer=catalog','4623264293',1,'2024-06-11',4,NULL,'2024-06-11 18:07:00','2024-06-11 18:07:00'),(73,'Omega Seamaster Planet Ocean Watch','https://images1.vinted.net/t/03_0194d_yEvCMhVG1Wxq6MFqp2FXsibc/f800/1718019206.jpeg?s=a246e290a82917d723ace89ac9f1e548e498f39d',3500.00,'PARIS, FRANCIA',51,'https://www.vinted.es/items/4623302447-omega-seamaster-planet-ocean-watch?referrer=catalog','4623302447',1,'2024-06-11',3,NULL,'2024-06-11 18:07:00','2024-06-11 18:07:00'),(74,'Omega Speedmaster Racing Watch','https://images1.vinted.net/t/03_01006_G9hAAvbQtHymEZT4ZXtKewXW/f800/1718019733.jpeg?s=a956aa484e93ef6fd7b1971e0cc2539498a155e0',3250.00,'PARIS, FRANCIA',86,'https://www.vinted.es/items/4623348265-omega-speedmaster-racing-watch?referrer=catalog','4623348265',1,'2024-06-11',8,NULL,'2024-06-11 18:07:00','2024-06-11 18:07:00'),(75,'Omega Genève Seamaster','https://images1.vinted.net/t/02_0111a_dtHUKBpDJSYWG3KWMJeRegCd/f800/1718051223.jpeg?s=1907c4ecbdb036a60ca4f3426cb4228023bd56ab',875.00,'BROUWERSHAVEN, PAÍSES BAJOS',91,'https://www.vinted.es/items/4626307519-omega-geneve-seamaster?referrer=catalog','4626307519',1,'2024-06-11',6,NULL,'2024-06-11 18:07:00','2024-06-11 18:07:00'),(76,'Tissot Seastar | Omega de Ville (not working yet) | Seiko 5 Automatic + More (Watch Box Included)','https://images1.vinted.net/t/03_013fc_Z3MvpaHhENotarbrzyNu95DD/f800/1718009608.jpeg?s=0da568e79190ec1375be10d3be5b7b1ec6dee2dd',225.00,'TILBURG, PAÍSES BAJOS',108,'https://www.vinted.es/items/4622522279-tissot-seastar-omega-de-ville-not-working-yet-seiko-5-automatic-more-watch-box-included?referrer=catalog','4622522279',1,'2024-06-11',5,NULL,'2024-06-11 18:07:00','2024-06-11 18:07:00'),(77,'Omega 14k solid white gold watch','https://images1.vinted.net/t/03_01a08_yP7ag9UbQXwUJq1vG9W1t1wU/f800/1717960757.jpeg?s=87d4df457586d363763edaaf84e8c6b2eaa36ab4',270.00,'MILANO, ITALIA',18,'https://www.vinted.es/items/4621309761-omega-14k-solid-white-gold-watch?referrer=catalog','4621309761',1,'2024-06-11',2,NULL,'2024-06-11 18:07:00','2024-06-11 18:07:00'),(78,'Vintage Omega De Ville 1980 men’s wristwatch','https://images1.vinted.net/t/01_00cd2_yuTA1ELyaZPSpR3T4tB2zwib/f800/1718043156.jpeg?s=780b76e461fcf9d787f4529fd363229bdfe31cde',475.00,'LEEUWARDEN, PAÍSES BAJOS',11,'https://www.vinted.es/items/4625591741-vintage-omega-de-ville-1980-mens-wristwatch?referrer=catalog','4625591741',1,'2024-06-11',1,NULL,'2024-06-11 18:07:00','2024-06-11 18:07:00'),(79,'Swatch x Omega Mission to the Moon Black Unisex Ad','https://cdn.wallapop.com/images/10420/gt/2x/__/c10420p1016304892/i4949855039.jpg?pictureSize=W640',175.00,'Madrid',51,'https://es.wallapop.com/item/swatch-x-omega-mission-to-the-moon-black-unisex-ad-1016304892','1016304892',2,'2024-06-11',NULL,1,'2024-06-11 19:55:44','2024-06-11 19:55:44'),(80,'Swatch x Omega watch reloj Neptuno','https://cdn.wallapop.com/images/10420/gg/v1/__/c10420p995781387/i4833539154.jpg?pictureSize=W640',350.00,'Valencia',408,'https://es.wallapop.com/item/swatch-x-omega-watch-reloj-neptuno-995781387','995781387',2,'2024-06-11',NULL,2,'2024-06-11 19:55:44','2024-06-11 19:55:44'),(81,'Omega x Swatch Moon/Luna','https://cdn.wallapop.com/images/10420/gd/df/__/c10420p989920777/i4800361172.jpg?pictureSize=W640',295.00,'Valencia',537,'https://es.wallapop.com/item/omega-x-swatch-moon-luna-989920777','989920777',2,'2024-06-11',NULL,7,'2024-06-11 19:55:44','2024-06-11 19:55:44'),(82,'Swatch x omega','https://cdn.wallapop.com/images/10420/gn/ri/__/c10420p1007373156/i4901552653.jpg?pictureSize=W640',320.00,'Barcelona',282,'https://es.wallapop.com/item/swatch-x-omega-1007373156','1007373156',2,'2024-06-11',NULL,4,'2024-06-11 19:55:44','2024-06-11 19:55:44'),(83,'OMEGA SEAMASTER DATE ORO PLATE DAY DATE a Reparar','https://cdn.wallapop.com/images/10420/gf/hb/__/c10420p993461013/i4820568067.jpg?pictureSize=W640',219.00,'L\' Ametlla del Valles',404,'https://es.wallapop.com/item/omega-seamaster-date-oro-plate-day-date-a-reparar-993461013','993461013',2,'2024-06-11',NULL,6,'2024-06-11 19:55:44','2024-06-11 19:55:44'),(84,'Omega Seamaster Cosmic Automatic','https://cdn.wallapop.com/images/10420/g4/d4/__/c10420p974789439/i4713668882.jpg?pictureSize=W640',570.00,'Santiago de Compostela',430,'https://es.wallapop.com/item/omega-seamaster-cosmic-974789439','974789439',2,'2024-06-11',NULL,3,'2024-06-11 19:55:44','2024-06-11 19:55:44'),(85,'Vintage Omega 30 or 30t1 for parts and spares','https://images1.vinted.net/t/03_0160b_E431rqxSXXE7Fp544zgwvdAE/f800/1718052269.jpeg?s=e4ee302d11bc51b33db4b1fd14d9b6f02059226a',600.00,'PORTIMÃO, PORTUGAL',27,'https://www.vinted.es/items/4626374037-vintage-omega-30-or-30t1-for-parts-and-spares?referrer=catalog','4626374037',1,'2024-06-11',9,NULL,'2024-06-11 19:55:44','2024-06-11 19:55:44'),(86,'Omega Speedmaster Racing Watch','https://images1.vinted.net/t/03_01006_G9hAAvbQtHymEZT4ZXtKewXW/f800/1718019733.jpeg?s=a956aa484e93ef6fd7b1971e0cc2539498a155e0',3250.00,'PARIS, FRANCIA',88,'https://www.vinted.es/items/4623348265-omega-speedmaster-racing-watch?referrer=catalog','4623348265',1,'2024-06-11',8,NULL,'2024-06-11 19:55:44','2024-06-11 19:55:44'),(87,'Omega Seamaster Planet Ocean Watch','https://images1.vinted.net/t/03_0194d_yEvCMhVG1Wxq6MFqp2FXsibc/f800/1718019206.jpeg?s=a246e290a82917d723ace89ac9f1e548e498f39d',3500.00,'PARIS, FRANCIA',51,'https://www.vinted.es/items/4623302447-omega-seamaster-planet-ocean-watch?referrer=catalog','4623302447',1,'2024-06-11',3,NULL,'2024-06-11 19:55:44','2024-06-11 19:55:44'),(88,'Omega Automatic Watch','https://images1.vinted.net/t/02_0069a_M73mpinSDabAKqsNEcyYsriv/f800/1718018765.jpeg?s=919bdc203ac0cdbe94eeb0b5ffefacdf0caea1b6',599.00,'PARIS, FRANCIA',48,'https://www.vinted.es/items/4623264293-omega-automatic-watch?referrer=catalog','4623264293',1,'2024-06-11',4,NULL,'2024-06-11 19:55:44','2024-06-11 19:55:44'),(89,'Omega Genève Seamaster','https://images1.vinted.net/t/02_0111a_dtHUKBpDJSYWG3KWMJeRegCd/f800/1718051223.jpeg?s=1907c4ecbdb036a60ca4f3426cb4228023bd56ab',875.00,'BROUWERSHAVEN, PAÍSES BAJOS',97,'https://www.vinted.es/items/4626307519-omega-geneve-seamaster?referrer=catalog','4626307519',1,'2024-06-11',6,NULL,'2024-06-11 19:55:44','2024-06-11 19:55:44'),(90,'Tissot Seastar | Omega de Ville (not working yet) | Seiko 5 Automatic + More (Watch Box Included)','https://images1.vinted.net/t/03_013fc_Z3MvpaHhENotarbrzyNu95DD/f800/1718009608.jpeg?s=0da568e79190ec1375be10d3be5b7b1ec6dee2dd',225.00,'TILBURG, PAÍSES BAJOS',123,'https://www.vinted.es/items/4622522279-tissot-seastar-omega-de-ville-not-working-yet-seiko-5-automatic-more-watch-box-included?referrer=catalog','4622522279',1,'2024-06-11',5,NULL,'2024-06-11 19:55:44','2024-06-11 19:55:44'),(91,'Omega 14k solid white gold watch','https://images1.vinted.net/t/03_01a08_yP7ag9UbQXwUJq1vG9W1t1wU/f800/1717960757.jpeg?s=87d4df457586d363763edaaf84e8c6b2eaa36ab4',270.00,'MILANO, ITALIA',18,'https://www.vinted.es/items/4621309761-omega-14k-solid-white-gold-watch?referrer=catalog','4621309761',1,'2024-06-11',2,NULL,'2024-06-11 19:55:44','2024-06-11 19:55:44'),(92,'Vintage Omega De Ville 1980 men’s wristwatch','https://images1.vinted.net/t/01_00cd2_yuTA1ELyaZPSpR3T4tB2zwib/f800/1718043156.jpeg?s=780b76e461fcf9d787f4529fd363229bdfe31cde',475.00,'LEEUWARDEN, PAÍSES BAJOS',15,'https://www.vinted.es/items/4625591741-vintage-omega-de-ville-1980-mens-wristwatch?referrer=catalog','4625591741',1,'2024-06-11',1,NULL,'2024-06-11 19:55:44','2024-06-11 19:55:44'),(93,'Vintage Omega 30 or 30t1 for parts and spares','https://images1.vinted.net/t/03_0160b_E431rqxSXXE7Fp544zgwvdAE/f800/1718052269.jpeg?s=e4ee302d11bc51b33db4b1fd14d9b6f02059226a',600.00,'PORTIMÃO, PORTUGAL',29,'https://www.vinted.es/items/4626374037-vintage-omega-30-or-30t1-for-parts-and-spares?referrer=catalog','4626374037',1,'2024-06-11',9,NULL,'2024-06-11 20:07:00','2024-06-11 20:07:00'),(94,'Omega Speedmaster Racing Watch','https://images1.vinted.net/t/03_01006_G9hAAvbQtHymEZT4ZXtKewXW/f800/1718019733.jpeg?s=a956aa484e93ef6fd7b1971e0cc2539498a155e0',3250.00,'PARIS, FRANCIA',90,'https://www.vinted.es/items/4623348265-omega-speedmaster-racing-watch?referrer=catalog','4623348265',1,'2024-06-11',8,NULL,'2024-06-11 20:07:00','2024-06-11 20:07:00'),(95,'Omega Seamaster Planet Ocean Watch','https://images1.vinted.net/t/03_0194d_yEvCMhVG1Wxq6MFqp2FXsibc/f800/1718019206.jpeg?s=a246e290a82917d723ace89ac9f1e548e498f39d',3500.00,'PARIS, FRANCIA',52,'https://www.vinted.es/items/4623302447-omega-seamaster-planet-ocean-watch?referrer=catalog','4623302447',1,'2024-06-11',3,NULL,'2024-06-11 20:07:00','2024-06-11 20:07:00'),(96,'Omega Automatic Watch','https://images1.vinted.net/t/02_0069a_M73mpinSDabAKqsNEcyYsriv/f800/1718018765.jpeg?s=919bdc203ac0cdbe94eeb0b5ffefacdf0caea1b6',599.00,'PARIS, FRANCIA',52,'https://www.vinted.es/items/4623264293-omega-automatic-watch?referrer=catalog','4623264293',1,'2024-06-11',4,NULL,'2024-06-11 20:07:00','2024-06-11 20:07:00'),(97,'Omega Genève Seamaster','https://images1.vinted.net/t/02_0111a_dtHUKBpDJSYWG3KWMJeRegCd/f800/1718051223.jpeg?s=1907c4ecbdb036a60ca4f3426cb4228023bd56ab',875.00,'BROUWERSHAVEN, PAÍSES BAJOS',99,'https://www.vinted.es/items/4626307519-omega-geneve-seamaster?referrer=catalog','4626307519',1,'2024-06-11',6,NULL,'2024-06-11 20:07:00','2024-06-11 20:07:00'),(98,'Tissot Seastar | Omega de Ville (not working yet) | Seiko 5 Automatic + More (Watch Box Included)','https://images1.vinted.net/t/03_013fc_Z3MvpaHhENotarbrzyNu95DD/f800/1718009608.jpeg?s=0da568e79190ec1375be10d3be5b7b1ec6dee2dd',225.00,'TILBURG, PAÍSES BAJOS',125,'https://www.vinted.es/items/4622522279-tissot-seastar-omega-de-ville-not-working-yet-seiko-5-automatic-more-watch-box-included?referrer=catalog','4622522279',1,'2024-06-11',5,NULL,'2024-06-11 20:07:00','2024-06-11 20:07:00'),(99,'Omega 14k solid white gold watch','https://images1.vinted.net/t/03_01a08_yP7ag9UbQXwUJq1vG9W1t1wU/f800/1717960757.jpeg?s=87d4df457586d363763edaaf84e8c6b2eaa36ab4',270.00,'MILANO, ITALIA',20,'https://www.vinted.es/items/4621309761-omega-14k-solid-white-gold-watch?referrer=catalog','4621309761',1,'2024-06-11',2,NULL,'2024-06-11 20:07:00','2024-06-11 20:07:00'),(100,'Vintage Omega De Ville 1980 men’s wristwatch','https://images1.vinted.net/t/01_00cd2_yuTA1ELyaZPSpR3T4tB2zwib/f800/1718043156.jpeg?s=780b76e461fcf9d787f4529fd363229bdfe31cde',475.00,'LEEUWARDEN, PAÍSES BAJOS',16,'https://www.vinted.es/items/4625591741-vintage-omega-de-ville-1980-mens-wristwatch?referrer=catalog','4625591741',1,'2024-06-11',1,NULL,'2024-06-11 20:07:00','2024-06-11 20:07:00'),(101,'Swatch x Omega Mission to the Moon Black Unisex Ad','https://cdn.wallapop.com/images/10420/gt/2x/__/c10420p1016304892/i4949855039.jpg?pictureSize=W640',175.00,'Madrid',51,'https://es.wallapop.com/item/swatch-x-omega-mission-to-the-moon-black-unisex-ad-1016304892','1016304892',2,'2024-06-11',NULL,1,'2024-06-11 21:37:52','2024-06-11 21:37:52'),(102,'Swatch x Omega watch reloj Neptuno','https://cdn.wallapop.com/images/10420/gg/v1/__/c10420p995781387/i4833539154.jpg?pictureSize=W640',350.00,'Valencia',408,'https://es.wallapop.com/item/swatch-x-omega-watch-reloj-neptuno-995781387','995781387',2,'2024-06-11',NULL,2,'2024-06-11 21:37:52','2024-06-11 21:37:52'),(103,'Omega x Swatch Moon/Luna','https://cdn.wallapop.com/images/10420/gd/df/__/c10420p989920777/i4800361172.jpg?pictureSize=W640',295.00,'Valencia',538,'https://es.wallapop.com/item/omega-x-swatch-moon-luna-989920777','989920777',2,'2024-06-11',NULL,7,'2024-06-11 21:37:52','2024-06-11 21:37:52'),(104,'Swatch x omega','https://cdn.wallapop.com/images/10420/gn/ri/__/c10420p1007373156/i4901552653.jpg?pictureSize=W640',320.00,'Barcelona',282,'https://es.wallapop.com/item/swatch-x-omega-1007373156','1007373156',2,'2024-06-11',NULL,4,'2024-06-11 21:37:52','2024-06-11 21:37:52'),(105,'OMEGA SEAMASTER DATE ORO PLATE DAY DATE a Reparar','https://cdn.wallapop.com/images/10420/gf/hb/__/c10420p993461013/i4820568067.jpg?pictureSize=W640',219.00,'L\' Ametlla del Valles',404,'https://es.wallapop.com/item/omega-seamaster-date-oro-plate-day-date-a-reparar-993461013','993461013',2,'2024-06-11',NULL,6,'2024-06-11 21:37:52','2024-06-11 21:37:52'),(106,'Omega Seamaster Cosmic Automatic','https://cdn.wallapop.com/images/10420/g4/d4/__/c10420p974789439/i4713668882.jpg?pictureSize=W640',570.00,'Santiago de Compostela',430,'https://es.wallapop.com/item/omega-seamaster-cosmic-974789439','974789439',2,'2024-06-11',NULL,3,'2024-06-11 21:37:52','2024-06-11 21:37:52'),(107,'Vintage Omega 30 or 30t1 for parts and spares','https://images1.vinted.net/t/03_0160b_E431rqxSXXE7Fp544zgwvdAE/f800/1718052269.jpeg?s=e4ee302d11bc51b33db4b1fd14d9b6f02059226a',600.00,'PORTIMÃO, PORTUGAL',34,'https://www.vinted.es/items/4626374037-vintage-omega-30-or-30t1-for-parts-and-spares?referrer=catalog','4626374037',1,'2024-06-11',9,NULL,'2024-06-11 21:37:52','2024-06-11 21:37:52'),(108,'Omega Speedmaster Racing Watch','https://images1.vinted.net/t/03_01006_G9hAAvbQtHymEZT4ZXtKewXW/f800/1718019733.jpeg?s=a956aa484e93ef6fd7b1971e0cc2539498a155e0',3250.00,'PARIS, FRANCIA',90,'https://www.vinted.es/items/4623348265-omega-speedmaster-racing-watch?referrer=catalog','4623348265',1,'2024-06-11',8,NULL,'2024-06-11 21:37:52','2024-06-11 21:37:52'),(109,'Omega Seamaster Planet Ocean Watch','https://images1.vinted.net/t/03_0194d_yEvCMhVG1Wxq6MFqp2FXsibc/f800/1718019206.jpeg?s=a246e290a82917d723ace89ac9f1e548e498f39d',3500.00,'PARIS, FRANCIA',53,'https://www.vinted.es/items/4623302447-omega-seamaster-planet-ocean-watch?referrer=catalog','4623302447',1,'2024-06-11',3,NULL,'2024-06-11 21:37:52','2024-06-11 21:37:52'),(110,'Omega Automatic Watch','https://images1.vinted.net/t/02_0069a_M73mpinSDabAKqsNEcyYsriv/f800/1718018765.jpeg?s=919bdc203ac0cdbe94eeb0b5ffefacdf0caea1b6',599.00,'PARIS, FRANCIA',53,'https://www.vinted.es/items/4623264293-omega-automatic-watch?referrer=catalog','4623264293',1,'2024-06-11',4,NULL,'2024-06-11 21:37:52','2024-06-11 21:37:52'),(111,'Omega Genève Seamaster','https://images1.vinted.net/t/02_0111a_dtHUKBpDJSYWG3KWMJeRegCd/f800/1718051223.jpeg?s=1907c4ecbdb036a60ca4f3426cb4228023bd56ab',875.00,'BROUWERSHAVEN, PAÍSES BAJOS',104,'https://www.vinted.es/items/4626307519-omega-geneve-seamaster?referrer=catalog','4626307519',1,'2024-06-11',6,NULL,'2024-06-11 21:37:52','2024-06-11 21:37:52'),(112,'Tissot Seastar | Omega de Ville (not working yet) | Seiko 5 Automatic + More (Watch Box Included)','https://images1.vinted.net/t/03_013fc_Z3MvpaHhENotarbrzyNu95DD/f800/1718009608.jpeg?s=0da568e79190ec1375be10d3be5b7b1ec6dee2dd',225.00,'TILBURG, PAÍSES BAJOS',134,'https://www.vinted.es/items/4622522279-tissot-seastar-omega-de-ville-not-working-yet-seiko-5-automatic-more-watch-box-included?referrer=catalog','4622522279',1,'2024-06-11',5,NULL,'2024-06-11 21:37:52','2024-06-11 21:37:52'),(113,'Omega 14k solid white gold watch','https://images1.vinted.net/t/03_01a08_yP7ag9UbQXwUJq1vG9W1t1wU/f800/1717960757.jpeg?s=87d4df457586d363763edaaf84e8c6b2eaa36ab4',270.00,'MILANO, ITALIA',22,'https://www.vinted.es/items/4621309761-omega-14k-solid-white-gold-watch?referrer=catalog','4621309761',1,'2024-06-11',2,NULL,'2024-06-11 21:37:52','2024-06-11 21:37:52'),(114,'Vintage Omega De Ville 1980 men’s wristwatch','https://images1.vinted.net/t/01_00cd2_yuTA1ELyaZPSpR3T4tB2zwib/f800/1718043156.jpeg?s=780b76e461fcf9d787f4529fd363229bdfe31cde',475.00,'LEEUWARDEN, PAÍSES BAJOS',18,'https://www.vinted.es/items/4625591741-vintage-omega-de-ville-1980-mens-wristwatch?referrer=catalog','4625591741',1,'2024-06-11',1,NULL,'2024-06-11 21:37:52','2024-06-11 21:37:52'),(115,'Swatch x Omega Mission to the Moon Black Unisex Ad','https://cdn.wallapop.com/images/10420/gt/2x/__/c10420p1016304892/i4949855039.jpg?pictureSize=W640',175.00,'Madrid',51,'https://es.wallapop.com/item/swatch-x-omega-mission-to-the-moon-black-unisex-ad-1016304892','1016304892',2,'2024-06-11',NULL,1,'2024-06-11 22:06:20','2024-06-11 22:06:20'),(116,'Swatch x Omega watch reloj Neptuno','https://cdn.wallapop.com/images/10420/gg/v1/__/c10420p995781387/i4833539154.jpg?pictureSize=W640',350.00,'Valencia',408,'https://es.wallapop.com/item/swatch-x-omega-watch-reloj-neptuno-995781387','995781387',2,'2024-06-11',NULL,2,'2024-06-11 22:06:20','2024-06-11 22:06:20'),(117,'Omega x Swatch Moon/Luna','https://cdn.wallapop.com/images/10420/gd/df/__/c10420p989920777/i4800361172.jpg?pictureSize=W640',295.00,'Valencia',538,'https://es.wallapop.com/item/omega-x-swatch-moon-luna-989920777','989920777',2,'2024-06-11',NULL,7,'2024-06-11 22:06:20','2024-06-11 22:06:20'),(118,'Swatch x omega','https://cdn.wallapop.com/images/10420/gn/ri/__/c10420p1007373156/i4901552653.jpg?pictureSize=W640',320.00,'Barcelona',282,'https://es.wallapop.com/item/swatch-x-omega-1007373156','1007373156',2,'2024-06-11',NULL,4,'2024-06-11 22:06:20','2024-06-11 22:06:20'),(119,'OMEGA SEAMASTER DATE ORO PLATE DAY DATE a Reparar','https://cdn.wallapop.com/images/10420/gf/hb/__/c10420p993461013/i4820568067.jpg?pictureSize=W640',219.00,'L\' Ametlla del Valles',404,'https://es.wallapop.com/item/omega-seamaster-date-oro-plate-day-date-a-reparar-993461013','993461013',2,'2024-06-11',NULL,6,'2024-06-11 22:06:20','2024-06-11 22:06:20'),(120,'Omega Seamaster Cosmic Automatic','https://cdn.wallapop.com/images/10420/g4/d4/__/c10420p974789439/i4713668882.jpg?pictureSize=W640',570.00,'Santiago de Compostela',430,'https://es.wallapop.com/item/omega-seamaster-cosmic-974789439','974789439',2,'2024-06-11',NULL,3,'2024-06-11 22:06:20','2024-06-11 22:06:20'),(121,'Omega 14k solid white gold watch','https://images1.vinted.net/t/03_01a08_yP7ag9UbQXwUJq1vG9W1t1wU/f800/1717960757.jpeg?s=87d4df457586d363763edaaf84e8c6b2eaa36ab4',270.00,'MILANO, ITALIA',24,'https://www.vinted.es/items/4621309761-omega-14k-solid-white-gold-watch?referrer=catalog','4621309761',1,'2024-06-11',2,NULL,'2024-06-11 22:06:20','2024-06-11 22:06:20'),(122,'Omega Genève Seamaster','https://images1.vinted.net/t/02_0111a_dtHUKBpDJSYWG3KWMJeRegCd/f800/1718051223.jpeg?s=1907c4ecbdb036a60ca4f3426cb4228023bd56ab',875.00,'BROUWERSHAVEN, PAÍSES BAJOS',112,'https://www.vinted.es/items/4626307519-omega-geneve-seamaster?referrer=catalog','4626307519',1,'2024-06-11',6,NULL,'2024-06-11 22:06:20','2024-06-11 22:06:20'),(123,'Omega Seamaster Planet Ocean Watch','https://images1.vinted.net/t/03_0194d_yEvCMhVG1Wxq6MFqp2FXsibc/f800/1718019206.jpeg?s=a246e290a82917d723ace89ac9f1e548e498f39d',3500.00,'PARIS, FRANCIA',53,'https://www.vinted.es/items/4623302447-omega-seamaster-planet-ocean-watch?referrer=catalog','4623302447',1,'2024-06-11',3,NULL,'2024-06-11 22:06:20','2024-06-11 22:06:20'),(124,'Omega Automatic Watch','https://images1.vinted.net/t/02_0069a_M73mpinSDabAKqsNEcyYsriv/f800/1718018765.jpeg?s=919bdc203ac0cdbe94eeb0b5ffefacdf0caea1b6',599.00,'PARIS, FRANCIA',53,'https://www.vinted.es/items/4623264293-omega-automatic-watch?referrer=catalog','4623264293',1,'2024-06-11',4,NULL,'2024-06-11 22:06:20','2024-06-11 22:06:20'),(125,'Omega Speedmaster Racing Watch','https://images1.vinted.net/t/03_01006_G9hAAvbQtHymEZT4ZXtKewXW/f800/1718019733.jpeg?s=a956aa484e93ef6fd7b1971e0cc2539498a155e0',3250.00,'PARIS, FRANCIA',90,'https://www.vinted.es/items/4623348265-omega-speedmaster-racing-watch?referrer=catalog','4623348265',1,'2024-06-11',8,NULL,'2024-06-11 22:06:20','2024-06-11 22:06:20'),(126,'Tissot Seastar | Omega de Ville (not working yet) | Seiko 5 Automatic + More (Watch Box Included)','https://images1.vinted.net/t/03_013fc_Z3MvpaHhENotarbrzyNu95DD/f800/1718009608.jpeg?s=0da568e79190ec1375be10d3be5b7b1ec6dee2dd',225.00,'TILBURG, PAÍSES BAJOS',141,'https://www.vinted.es/items/4622522279-tissot-seastar-omega-de-ville-not-working-yet-seiko-5-automatic-more-watch-box-included?referrer=catalog','4622522279',1,'2024-06-11',5,NULL,'2024-06-11 22:06:20','2024-06-11 22:06:20'),(127,'Vintage Omega De Ville 1980 men’s wristwatch','https://images1.vinted.net/t/01_00cd2_yuTA1ELyaZPSpR3T4tB2zwib/f800/1718043156.jpeg?s=780b76e461fcf9d787f4529fd363229bdfe31cde',475.00,'LEEUWARDEN, PAÍSES BAJOS',19,'https://www.vinted.es/items/4625591741-vintage-omega-de-ville-1980-mens-wristwatch?referrer=catalog','4625591741',1,'2024-06-11',1,NULL,'2024-06-11 22:06:20','2024-06-11 22:06:20'),(128,'Vintage Omega 30 or 30t1 for parts and spares','https://images1.vinted.net/t/03_0160b_E431rqxSXXE7Fp544zgwvdAE/f800/1718052269.jpeg?s=e4ee302d11bc51b33db4b1fd14d9b6f02059226a',600.00,'PORTIMÃO, PORTUGAL',36,'https://www.vinted.es/items/4626374037-vintage-omega-30-or-30t1-for-parts-and-spares?referrer=catalog','4626374037',1,'2024-06-11',9,NULL,'2024-06-11 22:06:20','2024-06-11 22:06:20'),(129,'Swatch x Omega Mission to the Moon Black Unisex Ad','https://cdn.wallapop.com/images/10420/gt/2x/__/c10420p1016304892/i4949855039.jpg?pictureSize=W640',175.00,'Madrid',51,'https://es.wallapop.com/item/swatch-x-omega-mission-to-the-moon-black-unisex-ad-1016304892','1016304892',2,'2024-06-11',NULL,1,'2024-06-11 23:03:31','2024-06-11 23:03:31'),(130,'Swatch x Omega watch reloj Neptuno','https://cdn.wallapop.com/images/10420/gg/v1/__/c10420p995781387/i4833539154.jpg?pictureSize=W640',350.00,'Valencia',409,'https://es.wallapop.com/item/swatch-x-omega-watch-reloj-neptuno-995781387','995781387',2,'2024-06-11',NULL,2,'2024-06-11 23:03:31','2024-06-11 23:03:31'),(131,'Omega x Swatch Moon/Luna','https://cdn.wallapop.com/images/10420/gd/df/__/c10420p989920777/i4800361172.jpg?pictureSize=W640',295.00,'Valencia',538,'https://es.wallapop.com/item/omega-x-swatch-moon-luna-989920777','989920777',2,'2024-06-11',NULL,7,'2024-06-11 23:03:31','2024-06-11 23:03:31'),(132,'Swatch x omega','https://cdn.wallapop.com/images/10420/gn/ri/__/c10420p1007373156/i4901552653.jpg?pictureSize=W640',320.00,'Barcelona',283,'https://es.wallapop.com/item/swatch-x-omega-1007373156','1007373156',2,'2024-06-11',NULL,4,'2024-06-11 23:03:31','2024-06-11 23:03:31'),(133,'OMEGA SEAMASTER DATE ORO PLATE DAY DATE a Reparar','https://cdn.wallapop.com/images/10420/gf/hb/__/c10420p993461013/i4820568067.jpg?pictureSize=W640',219.00,'L\' Ametlla del Valles',405,'https://es.wallapop.com/item/omega-seamaster-date-oro-plate-day-date-a-reparar-993461013','993461013',2,'2024-06-11',NULL,6,'2024-06-11 23:03:31','2024-06-11 23:03:31'),(134,'Omega Seamaster Cosmic Automatic','https://cdn.wallapop.com/images/10420/g4/d4/__/c10420p974789439/i4713668882.jpg?pictureSize=W640',570.00,'Santiago de Compostela',430,'https://es.wallapop.com/item/omega-seamaster-cosmic-974789439','974789439',2,'2024-06-11',NULL,3,'2024-06-11 23:03:31','2024-06-11 23:03:31'),(135,'Omega Speedmaster Racing Watch','https://images1.vinted.net/t/03_01006_G9hAAvbQtHymEZT4ZXtKewXW/f800/1718019733.jpeg?s=a956aa484e93ef6fd7b1971e0cc2539498a155e0',3250.00,'PARIS, FRANCIA',90,'https://www.vinted.es/items/4623348265-omega-speedmaster-racing-watch?referrer=catalog','4623348265',1,'2024-06-11',8,NULL,'2024-06-11 23:03:31','2024-06-11 23:03:31'),(136,'Omega Seamaster Planet Ocean Watch','https://images1.vinted.net/t/03_0194d_yEvCMhVG1Wxq6MFqp2FXsibc/f800/1718019206.jpeg?s=a246e290a82917d723ace89ac9f1e548e498f39d',3500.00,'PARIS, FRANCIA',54,'https://www.vinted.es/items/4623302447-omega-seamaster-planet-ocean-watch?referrer=catalog','4623302447',1,'2024-06-11',3,NULL,'2024-06-11 23:03:31','2024-06-11 23:03:31'),(137,'Omega Automatic Watch','https://images1.vinted.net/t/02_0069a_M73mpinSDabAKqsNEcyYsriv/f800/1718018765.jpeg?s=919bdc203ac0cdbe94eeb0b5ffefacdf0caea1b6',599.00,'PARIS, FRANCIA',53,'https://www.vinted.es/items/4623264293-omega-automatic-watch?referrer=catalog','4623264293',1,'2024-06-11',4,NULL,'2024-06-11 23:03:31','2024-06-11 23:03:31'),(138,'Omega Genève Seamaster','https://images1.vinted.net/t/02_0111a_dtHUKBpDJSYWG3KWMJeRegCd/f800/1718051223.jpeg?s=1907c4ecbdb036a60ca4f3426cb4228023bd56ab',875.00,'BROUWERSHAVEN, PAÍSES BAJOS',117,'https://www.vinted.es/items/4626307519-omega-geneve-seamaster?referrer=catalog','4626307519',1,'2024-06-11',6,NULL,'2024-06-11 23:03:31','2024-06-11 23:03:31'),(139,'Tissot Seastar | Omega de Ville (not working yet) | Seiko 5 Automatic + More (Watch Box Included)','https://images1.vinted.net/t/03_013fc_Z3MvpaHhENotarbrzyNu95DD/f800/1718009608.jpeg?s=0da568e79190ec1375be10d3be5b7b1ec6dee2dd',225.00,'TILBURG, PAÍSES BAJOS',149,'https://www.vinted.es/items/4622522279-tissot-seastar-omega-de-ville-not-working-yet-seiko-5-automatic-more-watch-box-included?referrer=catalog','4622522279',1,'2024-06-11',5,NULL,'2024-06-11 23:03:31','2024-06-11 23:03:31'),(140,'Omega 14k solid white gold watch','https://images1.vinted.net/t/03_01a08_yP7ag9UbQXwUJq1vG9W1t1wU/f800/1717960757.jpeg?s=87d4df457586d363763edaaf84e8c6b2eaa36ab4',270.00,'MILANO, ITALIA',26,'https://www.vinted.es/items/4621309761-omega-14k-solid-white-gold-watch?referrer=catalog','4621309761',1,'2024-06-11',2,NULL,'2024-06-11 23:03:31','2024-06-11 23:03:31'),(141,'Vintage Omega De Ville 1980 men’s wristwatch','https://images1.vinted.net/t/01_00cd2_yuTA1ELyaZPSpR3T4tB2zwib/f800/1718043156.jpeg?s=780b76e461fcf9d787f4529fd363229bdfe31cde',475.00,'LEEUWARDEN, PAÍSES BAJOS',21,'https://www.vinted.es/items/4625591741-vintage-omega-de-ville-1980-mens-wristwatch?referrer=catalog','4625591741',1,'2024-06-11',1,NULL,'2024-06-11 23:03:31','2024-06-11 23:03:31'),(142,'Vintage Omega 30 or 30t1 for parts and spares','https://images1.vinted.net/t/03_0160b_E431rqxSXXE7Fp544zgwvdAE/f800/1718052269.jpeg?s=e4ee302d11bc51b33db4b1fd14d9b6f02059226a',600.00,'PORTIMÃO, PORTUGAL',47,'https://www.vinted.es/items/4626374037-vintage-omega-30-or-30t1-for-parts-and-spares?referrer=catalog','4626374037',1,'2024-06-11',9,NULL,'2024-06-11 23:03:31','2024-06-11 23:03:31'),(143,'Swatch x Omega Mission to the Moon Black Unisex Ad','https://cdn.wallapop.com/images/10420/gt/2x/__/c10420p1016304892/i4949855039.jpg?pictureSize=W640',175.00,'Madrid',52,'https://es.wallapop.com/item/swatch-x-omega-mission-to-the-moon-black-unisex-ad-1016304892','1016304892',2,'2024-06-11',NULL,1,'2024-06-17 16:05:04','2024-06-17 16:05:04'),(144,'Omega x Swatch Moon/Luna','https://cdn.wallapop.com/images/10420/gd/df/__/c10420p989920777/i4800361172.jpg?pictureSize=W640',295.00,'Valencia',538,'https://es.wallapop.com/item/omega-x-swatch-moon-luna-989920777','989920777',2,'2024-06-11',NULL,7,'2024-06-17 16:05:04','2024-06-17 16:05:04'),(145,'Swatch x omega','https://cdn.wallapop.com/images/10420/gn/ri/__/c10420p1007373156/i4901552653.jpg?pictureSize=W640',320.00,'Barcelona',283,'https://es.wallapop.com/item/swatch-x-omega-1007373156','1007373156',2,'2024-06-11',NULL,4,'2024-06-17 16:05:04','2024-06-17 16:05:04'),(146,'OMEGA SEAMASTER DATE ORO PLATE DAY DATE a Reparar','https://cdn.wallapop.com/images/10420/gf/hb/__/c10420p993461013/i4820568067.jpg?pictureSize=W640',219.00,'L\' Ametlla del Valles',405,'https://es.wallapop.com/item/omega-seamaster-date-oro-plate-day-date-a-reparar-993461013','993461013',2,'2024-06-11',NULL,6,'2024-06-17 16:05:04','2024-06-17 16:05:04'),(147,'Omega Seamaster Cosmic Automatic','https://cdn.wallapop.com/images/10420/g4/d4/__/c10420p974789439/i4713668882.jpg?pictureSize=W640',570.00,'Santiago de Compostela',430,'https://es.wallapop.com/item/omega-seamaster-cosmic-974789439','974789439',2,'2024-06-11',NULL,3,'2024-06-17 16:05:04','2024-06-17 16:05:04'),(148,'Swatch x Omega watch reloj Neptuno','https://cdn.wallapop.com/images/10420/gg/v1/__/c10420p995781387/i4833539154.jpg?pictureSize=W640',350.00,'Valencia',409,'https://es.wallapop.com/item/swatch-x-omega-watch-reloj-neptuno-995781387','995781387',2,'2024-06-11',NULL,2,'2024-06-17 16:05:04','2024-06-17 16:05:04'),(149,'Omega 14k solid white gold watch','https://images1.vinted.net/t/03_01a08_yP7ag9UbQXwUJq1vG9W1t1wU/f800/1717960757.jpeg?s=87d4df457586d363763edaaf84e8c6b2eaa36ab4',270.00,'MILANO, ITALIA',28,'https://www.vinted.es/items/4621309761-omega-14k-solid-white-gold-watch?referrer=catalog','4621309761',1,'2024-06-11',2,NULL,'2024-06-17 16:05:04','2024-06-17 16:05:04'),(150,'Tissot Seastar | Omega de Ville (not working yet) | Seiko 5 Automatic + More (Watch Box Included)','https://images1.vinted.net/t/03_013fc_Z3MvpaHhENotarbrzyNu95DD/f800/1718009608.jpeg?s=0da568e79190ec1375be10d3be5b7b1ec6dee2dd',225.00,'TILBURG, PAÍSES BAJOS',152,'https://www.vinted.es/items/4622522279-tissot-seastar-omega-de-ville-not-working-yet-seiko-5-automatic-more-watch-box-included?referrer=catalog','4622522279',1,'2024-06-11',5,NULL,'2024-06-17 16:05:04','2024-06-17 16:05:04'),(151,'Vintage Omega 30 or 30t1 for parts and spares','https://images1.vinted.net/t/03_0160b_E431rqxSXXE7Fp544zgwvdAE/f800/1718052269.jpeg?s=e4ee302d11bc51b33db4b1fd14d9b6f02059226a',600.00,'PORTIMÃO, PORTUGAL',47,'https://www.vinted.es/items/4626374037-vintage-omega-30-or-30t1-for-parts-and-spares?referrer=catalog','4626374037',1,'2024-06-11',9,NULL,'2024-06-17 16:05:04','2024-06-17 16:05:04'),(152,'Omega Genève Seamaster','https://images1.vinted.net/t/02_0111a_dtHUKBpDJSYWG3KWMJeRegCd/f800/1718051223.jpeg?s=1907c4ecbdb036a60ca4f3426cb4228023bd56ab',875.00,'BROUWERSHAVEN, PAÍSES BAJOS',124,'https://www.vinted.es/items/4626307519-omega-geneve-seamaster?referrer=catalog','4626307519',1,'2024-06-11',6,NULL,'2024-06-17 16:05:04','2024-06-17 16:05:04'),(153,'Vintage Omega De Ville 1980 men’s wristwatch','https://images1.vinted.net/t/01_00cd2_yuTA1ELyaZPSpR3T4tB2zwib/f800/1718043156.jpeg?s=780b76e461fcf9d787f4529fd363229bdfe31cde',475.00,'LEEUWARDEN, PAÍSES BAJOS',22,'https://www.vinted.es/items/4625591741-vintage-omega-de-ville-1980-mens-wristwatch?referrer=catalog','4625591741',1,'2024-06-11',1,NULL,'2024-06-17 16:05:04','2024-06-17 16:05:04'),(154,'Omega Speedmaster Racing Watch','https://images1.vinted.net/t/03_01006_G9hAAvbQtHymEZT4ZXtKewXW/f800/1718019733.jpeg?s=a956aa484e93ef6fd7b1971e0cc2539498a155e0',3250.00,'PARIS, FRANCIA',90,'https://www.vinted.es/items/4623348265-omega-speedmaster-racing-watch?referrer=catalog','4623348265',1,'2024-06-11',8,NULL,'2024-06-17 16:05:04','2024-06-17 16:05:04'),(155,'Omega Automatic Watch','https://images1.vinted.net/t/02_0069a_M73mpinSDabAKqsNEcyYsriv/f800/1718018765.jpeg?s=919bdc203ac0cdbe94eeb0b5ffefacdf0caea1b6',599.00,'PARIS, FRANCIA',55,'https://www.vinted.es/items/4623264293-omega-automatic-watch?referrer=catalog','4623264293',1,'2024-06-11',4,NULL,'2024-06-17 16:05:04','2024-06-17 16:05:04'),(156,'Omega Seamaster Planet Ocean Watch','https://images1.vinted.net/t/03_0194d_yEvCMhVG1Wxq6MFqp2FXsibc/f800/1718019206.jpeg?s=a246e290a82917d723ace89ac9f1e548e498f39d',3500.00,'PARIS, FRANCIA',54,'https://www.vinted.es/items/4623302447-omega-seamaster-planet-ocean-watch?referrer=catalog','4623302447',1,'2024-06-11',3,NULL,'2024-06-17 16:05:04','2024-06-17 16:05:04'),(157,'Swatch x Omega Mission to the Moon Black Unisex Ad','https://cdn.wallapop.com/images/10420/gt/2x/__/c10420p1016304892/i4949855039.jpg?pictureSize=W640',175.00,'Madrid',52,'https://es.wallapop.com/item/swatch-x-omega-mission-to-the-moon-black-unisex-ad-1016304892','1016304892',2,'2024-06-11',NULL,1,'2024-06-17 16:15:04','2024-06-17 16:15:04'),(158,'Omega x Swatch Moon/Luna','https://cdn.wallapop.com/images/10420/gd/df/__/c10420p989920777/i4800361172.jpg?pictureSize=W640',295.00,'Valencia',540,'https://es.wallapop.com/item/omega-x-swatch-moon-luna-989920777','989920777',2,'2024-06-11',NULL,7,'2024-06-17 16:15:04','2024-06-17 16:15:04'),(159,'Swatch x omega','https://cdn.wallapop.com/images/10420/gn/ri/__/c10420p1007373156/i4901552653.jpg?pictureSize=W640',320.00,'Barcelona',283,'https://es.wallapop.com/item/swatch-x-omega-1007373156','1007373156',2,'2024-06-11',NULL,4,'2024-06-17 16:15:04','2024-06-17 16:15:04'),(160,'OMEGA SEAMASTER DATE ORO PLATE DAY DATE a Reparar','https://cdn.wallapop.com/images/10420/gf/hb/__/c10420p993461013/i4820568067.jpg?pictureSize=W640',219.00,'L\' Ametlla del Valles',405,'https://es.wallapop.com/item/omega-seamaster-date-oro-plate-day-date-a-reparar-993461013','993461013',2,'2024-06-11',NULL,6,'2024-06-17 16:15:04','2024-06-17 16:15:04'),(161,'Omega Seamaster Cosmic Automatic','https://cdn.wallapop.com/images/10420/g4/d4/__/c10420p974789439/i4713668882.jpg?pictureSize=W640',570.00,'Santiago de Compostela',430,'https://es.wallapop.com/item/omega-seamaster-cosmic-974789439','974789439',2,'2024-06-11',NULL,3,'2024-06-17 16:15:04','2024-06-17 16:15:04'),(162,'Swatch X Ｏméga Mission to Moon Watch NEW','https://cdn.wallapop.com/images/10420/gt/2u/__/c10420p1016300426/i4949833264.jpg?pictureSize=W640',155.00,'Madrid',136,'https://es.wallapop.com/item/swatch-x-mega-mission-to-moon-watch-new-1016300426','1016300426',2,'2024-06-17',NULL,9,'2024-06-17 18:02:28','2024-06-17 18:02:28'),(163,'Swatch x Omega Mission to the Moon Black Unisex Ad','https://cdn.wallapop.com/images/10420/gt/2x/__/c10420p1016304892/i4949855039.jpg?pictureSize=W640',165.00,'Madrid',91,'https://es.wallapop.com/item/swatch-x-omega-mission-to-the-moon-black-unisex-ad-1016304892','1016304892',2,'2024-06-11',NULL,1,'2024-06-17 18:02:28','2024-06-17 18:02:28'),(164,'Omega x Swatch Moon/Luna','https://cdn.wallapop.com/images/10420/gd/df/__/c10420p989920777/i4800361172.jpg?pictureSize=W640',295.00,'Valencia',552,'https://es.wallapop.com/item/omega-x-swatch-moon-luna-989920777','989920777',2,'2024-06-11',NULL,7,'2024-06-17 18:02:28','2024-06-17 18:02:28'),(165,'Swatch x omega','https://cdn.wallapop.com/images/10420/gn/ri/__/c10420p1007373156/i4901552653.jpg?pictureSize=W640',320.00,'Barcelona',302,'https://es.wallapop.com/item/swatch-x-omega-1007373156','1007373156',2,'2024-06-11',NULL,4,'2024-06-17 18:02:28','2024-06-17 18:02:28'),(166,'Omega vintage watch De Ville','https://cdn.wallapop.com/images/10420/fx/s6/__/c10420p963734596/i4647616301.jpg?pictureSize=W640',340.00,'Barcelona',404,'https://es.wallapop.com/item/omega-vintage-watch-de-ville-963734596','963734596',2,'2024-06-17',NULL,8,'2024-06-17 18:02:28','2024-06-17 18:02:28'),(167,'Omega Seamaster Cosmic Automatic','https://cdn.wallapop.com/images/10420/g4/d4/__/c10420p974789439/i4713668882.jpg?pictureSize=W640',570.00,'Santiago de Compostela',437,'https://es.wallapop.com/item/omega-seamaster-cosmic-974789439','974789439',2,'2024-06-11',NULL,3,'2024-06-17 18:02:28','2024-06-17 18:02:28'),(168,'OMEGA SEAMASTER DATE ORO PLATE DAY DATE a Reparar','https://cdn.wallapop.com/images/10420/gf/hb/__/c10420p993461013/i4820568067.jpg?pictureSize=W640',219.00,'L\' Ametlla del Valles',418,'https://es.wallapop.com/item/omega-seamaster-date-oro-plate-day-date-a-reparar-993461013','993461013',2,'2024-06-11',NULL,6,'2024-06-17 18:02:28','2024-06-17 18:02:28'),(169,'Omega Seamaster Calendar ref.2849 - 1960s','https://images1.vinted.net/t/02_01bfe_zN35YUYUDPkHk9QJzdiWcCxP/f800/1718557884.jpeg?s=bd289c2d7e5d9242a23b36d54d76affb79922262',850.00,'UCCLE, BÉLGICA',97,'https://www.vinted.es/items/4651115407-omega-seamaster-calendar-ref2849-1960s?referrer=catalog','4651115407',1,'2024-06-17',10,NULL,'2024-06-17 18:04:50','2024-06-17 18:04:50'),(170,'Omega Seamaster','https://images1.vinted.net/t/02_018dc_fcccqXuCh6zLf7BpTpvwMzDS/f800/1718402021.jpeg?s=410a86ff408d2156edcc5e94a93bf43d19001baa',600.00,'PORTUGAL',87,'https://www.vinted.es/items/4643094018-omega-seamaster?referrer=catalog','4643094018',1,'2024-06-17',14,NULL,'2024-06-17 18:04:50','2024-06-17 18:04:50'),(171,'Swatch x Omega Bioceramic Moonswatch Mission To Moonphase Snoopy Blanche, White','https://images1.vinted.net/t/02_020e8_S1tBnTs6FJUEDZEDhkQpddJF/f800/1718446456.jpeg?s=14026b71d47a684b0823cc608195ca4f1e201c79',445.00,'STRASBOURG, FRANCIA',37,'https://www.vinted.es/items/4644122195-swatch-x-omega-bioceramic-moonswatch-mission-to-moonphase-snoopy-blanche-white?referrer=catalog','4644122195',1,'2024-06-17',13,NULL,'2024-06-17 18:04:50','2024-06-17 18:04:50'),(172,'Omega De ville Pavé D\'or ref.151.0052 - 1970/1979','https://images1.vinted.net/t/01_01255_9RJyAfik1A5n2tAXr6YkYxvq/f800/1718557730.jpeg?s=ad7b93e248625ad3e803899cb4a632fa370f57d6',975.00,'UCCLE, BÉLGICA',83,'https://www.vinted.es/items/4651098185-omega-de-ville-pave-dor-ref1510052-19701979?referrer=catalog','4651098185',1,'2024-06-17',11,NULL,'2024-06-17 18:04:50','2024-06-17 18:04:50'),(173,'Swatch X Ｏméga Mission to Moon Watch NEW','https://cdn.wallapop.com/images/10420/gt/2u/__/c10420p1016300426/i4949833264.jpg?pictureSize=W640',155.00,'Madrid',137,'https://es.wallapop.com/item/swatch-x-mega-mission-to-moon-watch-new-1016300426','1016300426',2,'2024-06-17',NULL,9,'2024-06-17 18:35:34','2024-06-17 18:35:34'),(174,'Swatch x Omega Mission to the Moon Black Unisex Ad','https://cdn.wallapop.com/images/10420/gt/2x/__/c10420p1016304892/i4949855039.jpg?pictureSize=W640',165.00,'Madrid',91,'https://es.wallapop.com/item/swatch-x-omega-mission-to-the-moon-black-unisex-ad-1016304892','1016304892',2,'2024-06-11',NULL,1,'2024-06-17 18:35:34','2024-06-17 18:35:34'),(175,'Swatch x omega','https://cdn.wallapop.com/images/10420/gn/ri/__/c10420p1007373156/i4901552653.jpg?pictureSize=W640',320.00,'Barcelona',302,'https://es.wallapop.com/item/swatch-x-omega-1007373156','1007373156',2,'2024-06-11',NULL,4,'2024-06-17 18:35:34','2024-06-17 18:35:34'),(176,'Omega x Swatch Moon/Luna','https://cdn.wallapop.com/images/10420/gd/df/__/c10420p989920777/i4800361172.jpg?pictureSize=W640',295.00,'Valencia',552,'https://es.wallapop.com/item/omega-x-swatch-moon-luna-989920777','989920777',2,'2024-06-11',NULL,7,'2024-06-17 18:35:34','2024-06-17 18:35:34'),(177,'OMEGA SEAMASTER DATE ORO PLATE DAY DATE a Reparar','https://cdn.wallapop.com/images/10420/gf/hb/__/c10420p993461013/i4820568067.jpg?pictureSize=W640',219.00,'L\' Ametlla del Valles',418,'https://es.wallapop.com/item/omega-seamaster-date-oro-plate-day-date-a-reparar-993461013','993461013',2,'2024-06-11',NULL,6,'2024-06-17 18:35:34','2024-06-17 18:35:34'),(178,'Omega vintage watch De Ville','https://cdn.wallapop.com/images/10420/fx/s6/__/c10420p963734596/i4647616301.jpg?pictureSize=W640',340.00,'Barcelona',404,'https://es.wallapop.com/item/omega-vintage-watch-de-ville-963734596','963734596',2,'2024-06-17',NULL,8,'2024-06-17 18:35:34','2024-06-17 18:35:34'),(179,'Omega Seamaster Cosmic Automatic','https://cdn.wallapop.com/images/10420/g4/d4/__/c10420p974789439/i4713668882.jpg?pictureSize=W640',570.00,'Santiago de Compostela',437,'https://es.wallapop.com/item/omega-seamaster-cosmic-974789439','974789439',2,'2024-06-11',NULL,3,'2024-06-17 18:35:34','2024-06-17 18:35:34'),(180,'Omega Seamaster Titanium and Gold - watch','https://images1.vinted.net/t/03_015a6_pKWPHvmwT86woThXmTFFmABp/f800/1718644297.jpeg?s=c938271dea03999ae06bd5cffa9ecb7a394074c8',800.00,'MILANO, ITALIA',15,'https://www.vinted.es/items/4655517061-omega-seamaster-titanium-and-gold-watch?referrer=catalog','4655517061',1,'2024-06-17',16,NULL,'2024-06-17 18:35:34','2024-06-17 18:35:34'),(181,'Omega Seamaster','https://images1.vinted.net/t/02_018dc_fcccqXuCh6zLf7BpTpvwMzDS/f800/1718402021.jpeg?s=410a86ff408d2156edcc5e94a93bf43d19001baa',600.00,'PORTUGAL',88,'https://www.vinted.es/items/4643094018-omega-seamaster?referrer=catalog','4643094018',1,'2024-06-17',14,NULL,'2024-06-17 18:35:34','2024-06-17 18:35:34'),(182,'Swatch x Omega Bioceramic Moonswatch Mission To Moonphase Snoopy Blanche, White','https://images1.vinted.net/t/02_020e8_S1tBnTs6FJUEDZEDhkQpddJF/f800/1718446456.jpeg?s=14026b71d47a684b0823cc608195ca4f1e201c79',445.00,'STRASBOURG, FRANCIA',37,'https://www.vinted.es/items/4644122195-swatch-x-omega-bioceramic-moonswatch-mission-to-moonphase-snoopy-blanche-white?referrer=catalog','4644122195',1,'2024-06-17',13,NULL,'2024-06-17 18:35:34','2024-06-17 18:35:34'),(183,'Omega De ville Pavé D\'or ref.151.0052 - 1970/1979','https://images1.vinted.net/t/01_01255_9RJyAfik1A5n2tAXr6YkYxvq/f800/1718557730.jpeg?s=ad7b93e248625ad3e803899cb4a632fa370f57d6',975.00,'UCCLE, BÉLGICA',84,'https://www.vinted.es/items/4651098185-omega-de-ville-pave-dor-ref1510052-19701979?referrer=catalog','4651098185',1,'2024-06-17',11,NULL,'2024-06-17 18:35:34','2024-06-17 18:35:34'),(184,'Omega Seamaster Calendar ref.2849 - 1960s','https://images1.vinted.net/t/02_01bfe_zN35YUYUDPkHk9QJzdiWcCxP/f800/1718557884.jpeg?s=bd289c2d7e5d9242a23b36d54d76affb79922262',850.00,'UCCLE, BÉLGICA',99,'https://www.vinted.es/items/4651115407-omega-seamaster-calendar-ref2849-1960s?referrer=catalog','4651115407',1,'2024-06-17',10,NULL,'2024-06-17 18:35:34','2024-06-17 18:35:34'),(185,'Swatch X Ｏméga Mission to Moon Watch NEW','https://cdn.wallapop.com/images/10420/gt/2u/__/c10420p1016300426/i4949833264.jpg?pictureSize=W640',155.00,'Madrid',137,'https://es.wallapop.com/item/swatch-x-mega-mission-to-moon-watch-new-1016300426','1016300426',2,'2024-06-17',NULL,9,'2024-06-17 19:08:02','2024-06-17 19:08:02'),(186,'Swatch x Omega Mission to the Moon Black Unisex Ad','https://cdn.wallapop.com/images/10420/gt/2x/__/c10420p1016304892/i4949855039.jpg?pictureSize=W640',165.00,'Madrid',91,'https://es.wallapop.com/item/swatch-x-omega-mission-to-the-moon-black-unisex-ad-1016304892','1016304892',2,'2024-06-11',NULL,1,'2024-06-17 19:08:02','2024-06-17 19:08:02'),(187,'Omega x Swatch Moon/Luna','https://cdn.wallapop.com/images/10420/gd/df/__/c10420p989920777/i4800361172.jpg?pictureSize=W640',295.00,'Valencia',552,'https://es.wallapop.com/item/omega-x-swatch-moon-luna-989920777','989920777',2,'2024-06-11',NULL,7,'2024-06-17 19:08:02','2024-06-17 19:08:02'),(188,'Swatch x omega','https://cdn.wallapop.com/images/10420/gn/ri/__/c10420p1007373156/i4901552653.jpg?pictureSize=W640',320.00,'Barcelona',302,'https://es.wallapop.com/item/swatch-x-omega-1007373156','1007373156',2,'2024-06-11',NULL,4,'2024-06-17 19:08:02','2024-06-17 19:08:02'),(189,'Omega vintage watch De Ville','https://cdn.wallapop.com/images/10420/fx/s6/__/c10420p963734596/i4647616301.jpg?pictureSize=W640',340.00,'Barcelona',404,'https://es.wallapop.com/item/omega-vintage-watch-de-ville-963734596','963734596',2,'2024-06-17',NULL,8,'2024-06-17 19:08:02','2024-06-17 19:08:02'),(190,'Omega Seamaster Cosmic Automatic','https://cdn.wallapop.com/images/10420/g4/d4/__/c10420p974789439/i4713668882.jpg?pictureSize=W640',570.00,'Santiago de Compostela',437,'https://es.wallapop.com/item/omega-seamaster-cosmic-974789439','974789439',2,'2024-06-11',NULL,3,'2024-06-17 19:08:02','2024-06-17 19:08:02'),(191,'OMEGA SEAMASTER DATE ORO PLATE DAY DATE a Reparar','https://cdn.wallapop.com/images/10420/gf/hb/__/c10420p993461013/i4820568067.jpg?pictureSize=W640',219.00,'L\' Ametlla del Valles',418,'https://es.wallapop.com/item/omega-seamaster-date-oro-plate-day-date-a-reparar-993461013','993461013',2,'2024-06-11',NULL,6,'2024-06-17 19:08:02','2024-06-17 19:08:02'),(192,'Omega Seamaster Titanium and Gold - watch','https://images1.vinted.net/t/03_015a6_pKWPHvmwT86woThXmTFFmABp/f800/1718644297.jpeg?s=c938271dea03999ae06bd5cffa9ecb7a394074c8',800.00,'MILANO, ITALIA',21,'https://www.vinted.es/items/4655517061-omega-seamaster-titanium-and-gold-watch?referrer=catalog','4655517061',1,'2024-06-17',16,NULL,'2024-06-17 19:08:02','2024-06-17 19:08:02'),(193,'Omega Seamaster Calendar ref.2849 - 1960s','https://images1.vinted.net/t/02_01bfe_zN35YUYUDPkHk9QJzdiWcCxP/f800/1718557884.jpeg?s=bd289c2d7e5d9242a23b36d54d76affb79922262',850.00,'UCCLE, BÉLGICA',101,'https://www.vinted.es/items/4651115407-omega-seamaster-calendar-ref2849-1960s?referrer=catalog','4651115407',1,'2024-06-17',10,NULL,'2024-06-17 19:08:02','2024-06-17 19:08:02'),(194,'Swatch x Omega Bioceramic Moonswatch Mission To Moonphase Snoopy Blanche, White','https://images1.vinted.net/t/02_020e8_S1tBnTs6FJUEDZEDhkQpddJF/f800/1718446456.jpeg?s=14026b71d47a684b0823cc608195ca4f1e201c79',445.00,'STRASBOURG, FRANCIA',38,'https://www.vinted.es/items/4644122195-swatch-x-omega-bioceramic-moonswatch-mission-to-moonphase-snoopy-blanche-white?referrer=catalog','4644122195',1,'2024-06-17',13,NULL,'2024-06-17 19:08:02','2024-06-17 19:08:02'),(195,'Omega De ville Pavé D\'or ref.151.0052 - 1970/1979','https://images1.vinted.net/t/01_01255_9RJyAfik1A5n2tAXr6YkYxvq/f800/1718557730.jpeg?s=ad7b93e248625ad3e803899cb4a632fa370f57d6',975.00,'UCCLE, BÉLGICA',86,'https://www.vinted.es/items/4651098185-omega-de-ville-pave-dor-ref1510052-19701979?referrer=catalog','4651098185',1,'2024-06-17',11,NULL,'2024-06-17 19:08:02','2024-06-17 19:08:02');
/*!40000 ALTER TABLE `relojes_viejos` ENABLE KEYS */;
UNLOCK TABLES;

--
-- Table structure for table `relojes_vinted`
--

DROP TABLE IF EXISTS `relojes_vinted`;
/*!40101 SET @saved_cs_client     = @@character_set_client */;
/*!50503 SET character_set_client = utf8mb4 */;
CREATE TABLE `relojes_vinted` (
  `id` bigint unsigned NOT NULL AUTO_INCREMENT,
  `title` varchar(255) COLLATE utf8mb4_unicode_ci NOT NULL,
  `image_src` varchar(255) COLLATE utf8mb4_unicode_ci NOT NULL,
  `price` decimal(10,2) NOT NULL,
  `location` varchar(255) COLLATE utf8mb4_unicode_ci NOT NULL,
  `views` int NOT NULL,
  `url` varchar(255) COLLATE utf8mb4_unicode_ci NOT NULL,
  `identificador` varchar(255) COLLATE utf8mb4_unicode_ci NOT NULL,
  `tipo` int NOT NULL,
  `fecha_obtencion` date NOT NULL,
  `created_at` timestamp NULL DEFAULT NULL,
  `updated_at` timestamp NULL DEFAULT NULL,
  PRIMARY KEY (`id`)
) ENGINE=InnoDB AUTO_INCREMENT=17 DEFAULT CHARSET=utf8mb4 COLLATE=utf8mb4_unicode_ci;
/*!40101 SET character_set_client = @saved_cs_client */;

--
-- Dumping data for table `relojes_vinted`
--

LOCK TABLES `relojes_vinted` WRITE;
/*!40000 ALTER TABLE `relojes_vinted` DISABLE KEYS */;
INSERT INTO `relojes_vinted` VALUES (1,'Vintage Omega De Ville 1980 men’s wristwatch','https://images1.vinted.net/t/01_00cd2_yuTA1ELyaZPSpR3T4tB2zwib/f800/1718043156.jpeg?s=780b76e461fcf9d787f4529fd363229bdfe31cde',475.00,'LEEUWARDEN, PAÍSES BAJOS',33,'https://www.vinted.es/items/4625591741-vintage-omega-de-ville-1980-mens-wristwatch?referrer=catalog','4625591741',1,'2024-06-11','2024-06-11 14:47:23','2024-06-17 16:05:04'),(2,'Omega 14k solid white gold watch','https://images1.vinted.net/t/03_01a08_yP7ag9UbQXwUJq1vG9W1t1wU/f800/1717960757.jpeg?s=87d4df457586d363763edaaf84e8c6b2eaa36ab4',270.00,'MILANO, ITALIA',33,'https://www.vinted.es/items/4621309761-omega-14k-solid-white-gold-watch?referrer=catalog','4621309761',1,'2024-06-11','2024-06-11 14:47:26','2024-06-17 16:05:04'),(3,'Omega Seamaster Planet Ocean Watch','https://images1.vinted.net/t/03_0194d_yEvCMhVG1Wxq6MFqp2FXsibc/f800/1718019206.jpeg?s=a246e290a82917d723ace89ac9f1e548e498f39d',3500.00,'PARIS, FRANCIA',56,'https://www.vinted.es/items/4623302447-omega-seamaster-planet-ocean-watch?referrer=catalog','4623302447',1,'2024-06-11','2024-06-11 14:47:32','2024-06-17 16:05:04'),(4,'Omega Automatic Watch','https://images1.vinted.net/t/02_0069a_M73mpinSDabAKqsNEcyYsriv/f800/1718018765.jpeg?s=919bdc203ac0cdbe94eeb0b5ffefacdf0caea1b6',599.00,'PARIS, FRANCIA',64,'https://www.vinted.es/items/4623264293-omega-automatic-watch?referrer=catalog','4623264293',1,'2024-06-11','2024-06-11 14:47:36','2024-06-17 16:05:04'),(5,'Tissot Seastar | Omega de Ville (not working yet) | Seiko 5 Automatic + More (Watch Box Included)','https://images1.vinted.net/t/03_013fc_Z3MvpaHhENotarbrzyNu95DD/f800/1718009608.jpeg?s=0da568e79190ec1375be10d3be5b7b1ec6dee2dd',200.00,'TILBURG, PAÍSES BAJOS',191,'https://www.vinted.es/items/4622522279-tissot-seastar-omega-de-ville-not-working-yet-seiko-5-automatic-more-watch-box-included?referrer=catalog','4622522279',1,'2024-06-11','2024-06-11 14:47:39','2024-06-17 16:05:04'),(6,'Omega Genève Seamaster','https://images1.vinted.net/t/02_0111a_dtHUKBpDJSYWG3KWMJeRegCd/f800/1718051223.jpeg?s=1907c4ecbdb036a60ca4f3426cb4228023bd56ab',875.00,'BROUWERSHAVEN, PAÍSES BAJOS',140,'https://www.vinted.es/items/4626307519-omega-geneve-seamaster?referrer=catalog','4626307519',1,'2024-06-11','2024-06-11 14:47:49','2024-06-17 16:05:04'),(7,'Omega x Swatch speedmaster moon s watch','https://images1.vinted.net/t/03_00103_sr6dDSPBh3sTRrfxsgrZVM4h/f800/1718109259.jpeg?s=6d587ece7f0156a62b24d4db247c93cac509be35',90.00,'CROSNE, FRANCIA',161,'https://www.vinted.es/items/4628308776-omega-x-swatch-speedmaster-moon-s-watch?referrer=catalog','4628308776',1,'2024-06-11','2024-06-11 15:01:35','2024-06-11 18:07:00'),(8,'Omega Speedmaster Racing Watch','https://images1.vinted.net/t/03_01006_G9hAAvbQtHymEZT4ZXtKewXW/f800/1718019733.jpeg?s=a956aa484e93ef6fd7b1971e0cc2539498a155e0',3250.00,'PARIS, FRANCIA',94,'https://www.vinted.es/items/4623348265-omega-speedmaster-racing-watch?referrer=catalog','4623348265',1,'2024-06-11','2024-06-11 15:06:46','2024-06-17 16:05:04'),(9,'Vintage Omega 30 or 30t1 for parts and spares','https://images1.vinted.net/t/03_0160b_E431rqxSXXE7Fp544zgwvdAE/f800/1718052269.jpeg?s=e4ee302d11bc51b33db4b1fd14d9b6f02059226a',600.00,'PORTIMÃO, PORTUGAL',56,'https://www.vinted.es/items/4626374037-vintage-omega-30-or-30t1-for-parts-and-spares?referrer=catalog','4626374037',1,'2024-06-11','2024-06-11 15:27:03','2024-06-17 16:05:04'),(10,'Omega Seamaster Calendar ref.2849 - 1960s','https://images1.vinted.net/t/02_01bfe_zN35YUYUDPkHk9QJzdiWcCxP/f800/1718557884.jpeg?s=bd289c2d7e5d9242a23b36d54d76affb79922262',850.00,'UCCLE, BÉLGICA',101,'https://www.vinted.es/items/4651115407-omega-seamaster-calendar-ref2849-1960s?referrer=catalog','4651115407',1,'2024-06-17','2024-06-17 16:15:27','2024-06-17 19:08:02'),(11,'Omega De ville Pavé D\'or ref.151.0052 - 1970/1979','https://images1.vinted.net/t/01_01255_9RJyAfik1A5n2tAXr6YkYxvq/f800/1718557730.jpeg?s=ad7b93e248625ad3e803899cb4a632fa370f57d6',975.00,'UCCLE, BÉLGICA',87,'https://www.vinted.es/items/4651098185-omega-de-ville-pave-dor-ref1510052-19701979?referrer=catalog','4651098185',1,'2024-06-17','2024-06-17 16:15:30','2024-06-17 19:08:02'),(12,'Omega De Ville Tank remontage manuel','https://images1.vinted.net/t/01_0157d_jcDGr9kNhGE7J5qc542fFoWU/f800/1718459418.jpeg?s=18188cd13c0e808e08213564d3776464738855f4',180.00,'BOIS-DE-LESSINES, BÉLGICA',438,'https://www.vinted.es/items/4642826378-omega-de-ville-tank-remontage-manuel?referrer=catalog','4642826378',1,'2024-06-17','2024-06-17 16:15:32','2024-06-17 16:15:32'),(13,'Swatch x Omega Bioceramic Moonswatch Mission To Moonphase Snoopy Blanche, White','https://images1.vinted.net/t/02_020e8_S1tBnTs6FJUEDZEDhkQpddJF/f800/1718446456.jpeg?s=14026b71d47a684b0823cc608195ca4f1e201c79',445.00,'STRASBOURG, FRANCIA',38,'https://www.vinted.es/items/4644122195-swatch-x-omega-bioceramic-moonswatch-mission-to-moonphase-snoopy-blanche-white?referrer=catalog','4644122195',1,'2024-06-17','2024-06-17 16:15:36','2024-06-17 19:08:02'),(14,'Omega Seamaster','https://images1.vinted.net/t/02_018dc_fcccqXuCh6zLf7BpTpvwMzDS/f800/1718402021.jpeg?s=410a86ff408d2156edcc5e94a93bf43d19001baa',600.00,'PORTUGAL',88,'https://www.vinted.es/items/4643094018-omega-seamaster?referrer=catalog','4643094018',1,'2024-06-17','2024-06-17 16:53:32','2024-06-17 18:35:34'),(15,'Omega De Ville à remontage manuel.','https://images1.vinted.net/t/03_00f13_qzpBRnkhiphDRoArga9Pks5C/f800/1718547213.jpeg?s=e1a553d51bbfdbd3c12c0156b47deff217316062',180.00,'BOIS-DE-LESSINES, BÉLGICA',116,'https://www.vinted.es/items/4642966428-omega-de-ville-a-remontage-manuel?referrer=catalog','4642966428',1,'2024-06-17','2024-06-17 17:17:56','2024-06-17 17:17:56'),(16,'Omega Seamaster Titanium and Gold - watch','https://images1.vinted.net/t/03_015a6_pKWPHvmwT86woThXmTFFmABp/f800/1718644297.jpeg?s=c938271dea03999ae06bd5cffa9ecb7a394074c8',800.00,'MILANO, ITALIA',29,'https://www.vinted.es/items/4655517061-omega-seamaster-titanium-and-gold-watch?referrer=catalog','4655517061',1,'2024-06-17','2024-06-17 18:04:55','2024-06-17 19:08:02');
/*!40000 ALTER TABLE `relojes_vinted` ENABLE KEYS */;
UNLOCK TABLES;

--
-- Table structure for table `relojes_wallapop`
--

DROP TABLE IF EXISTS `relojes_wallapop`;
/*!40101 SET @saved_cs_client     = @@character_set_client */;
/*!50503 SET character_set_client = utf8mb4 */;
CREATE TABLE `relojes_wallapop` (
  `id` bigint unsigned NOT NULL AUTO_INCREMENT,
  `title` varchar(255) COLLATE utf8mb4_unicode_ci NOT NULL,
  `image_src` varchar(255) COLLATE utf8mb4_unicode_ci NOT NULL,
  `price` decimal(10,2) NOT NULL,
  `location` varchar(255) COLLATE utf8mb4_unicode_ci NOT NULL,
  `views` int NOT NULL,
  `url` varchar(255) COLLATE utf8mb4_unicode_ci NOT NULL,
  `identificador` varchar(255) COLLATE utf8mb4_unicode_ci NOT NULL,
  `tipo` int NOT NULL,
  `fecha_obtencion` date NOT NULL,
  `created_at` timestamp NULL DEFAULT NULL,
  `updated_at` timestamp NULL DEFAULT NULL,
  PRIMARY KEY (`id`)
) ENGINE=InnoDB AUTO_INCREMENT=10 DEFAULT CHARSET=utf8mb4 COLLATE=utf8mb4_unicode_ci;
/*!40101 SET character_set_client = @saved_cs_client */;

--
-- Dumping data for table `relojes_wallapop`
--

LOCK TABLES `relojes_wallapop` WRITE;
/*!40000 ALTER TABLE `relojes_wallapop` DISABLE KEYS */;
INSERT INTO `relojes_wallapop` VALUES (1,'Swatch x Omega Mission to the Moon Black Unisex Ad','https://cdn.wallapop.com/images/10420/gt/2x/__/c10420p1016304892/i4949855039.jpg?pictureSize=W640',165.00,'Madrid',91,'https://es.wallapop.com/item/swatch-x-omega-mission-to-the-moon-black-unisex-ad-1016304892','1016304892',2,'2024-06-11','2024-06-11 14:47:46','2024-06-17 19:08:02'),(2,'Swatch x Omega watch reloj Neptuno','https://cdn.wallapop.com/images/10420/gg/v1/__/c10420p995781387/i4833539154.jpg?pictureSize=W640',350.00,'Valencia',409,'https://es.wallapop.com/item/swatch-x-omega-watch-reloj-neptuno-995781387','995781387',2,'2024-06-11','2024-06-11 14:47:53','2024-06-17 16:05:04'),(3,'Omega Seamaster Cosmic Automatic','https://cdn.wallapop.com/images/10420/g4/d4/__/c10420p974789439/i4713668882.jpg?pictureSize=W640',570.00,'Santiago de Compostela',437,'https://es.wallapop.com/item/omega-seamaster-cosmic-974789439','974789439',2,'2024-06-11','2024-06-11 14:47:58','2024-06-17 19:08:02'),(4,'Swatch x omega','https://cdn.wallapop.com/images/10420/gn/ri/__/c10420p1007373156/i4901552653.jpg?pictureSize=W640',320.00,'Barcelona',302,'https://es.wallapop.com/item/swatch-x-omega-1007373156','1007373156',2,'2024-06-11','2024-06-11 14:48:01','2024-06-17 19:08:02'),(5,'Omega Plaque or L 80 Microns Ref: 2524-7','https://cdn.wallapop.com/images/10420/fq/9x/__/c10420p951125802/i3572602119.jpg?pictureSize=W640',450.00,'Gijón',180,'https://es.wallapop.com/item/omega-plaque-or-l-80-microns-ref-2524-7-951125802','951125802',2,'2024-06-11','2024-06-11 14:48:10','2024-06-11 17:07:00'),(6,'OMEGA SEAMASTER DATE ORO PLATE DAY DATE a Reparar','https://cdn.wallapop.com/images/10420/gf/hb/__/c10420p993461013/i4820568067.jpg?pictureSize=W640',219.00,'L\' Ametlla del Valles',418,'https://es.wallapop.com/item/omega-seamaster-date-oro-plate-day-date-a-reparar-993461013','993461013',2,'2024-06-11','2024-06-11 14:48:26','2024-06-17 19:08:02'),(7,'Omega x Swatch Moon/Luna','https://cdn.wallapop.com/images/10420/gd/df/__/c10420p989920777/i4800361172.jpg?pictureSize=W640',295.00,'Valencia',552,'https://es.wallapop.com/item/omega-x-swatch-moon-luna-989920777','989920777',2,'2024-06-11','2024-06-11 14:49:12','2024-06-17 19:08:02'),(8,'Omega vintage watch De Ville','https://cdn.wallapop.com/images/10420/fx/s6/__/c10420p963734596/i4647616301.jpg?pictureSize=W640',340.00,'Barcelona',404,'https://es.wallapop.com/item/omega-vintage-watch-de-ville-963734596','963734596',2,'2024-06-17','2024-06-17 16:15:45','2024-06-17 19:08:02'),(9,'Swatch X Ｏméga Mission to Moon Watch NEW','https://cdn.wallapop.com/images/10420/gt/2u/__/c10420p1016300426/i4949833264.jpg?pictureSize=W640',155.00,'Madrid',137,'https://es.wallapop.com/item/swatch-x-mega-mission-to-moon-watch-new-1016300426','1016300426',2,'2024-06-17','2024-06-17 16:50:33','2024-06-17 19:08:02');
/*!40000 ALTER TABLE `relojes_wallapop` ENABLE KEYS */;
UNLOCK TABLES;

--
-- Table structure for table `sessions`
--

DROP TABLE IF EXISTS `sessions`;
/*!40101 SET @saved_cs_client     = @@character_set_client */;
/*!50503 SET character_set_client = utf8mb4 */;
CREATE TABLE `sessions` (
  `id` varchar(255) COLLATE utf8mb4_unicode_ci NOT NULL,
  `user_id` bigint unsigned DEFAULT NULL,
  `ip_address` varchar(45) COLLATE utf8mb4_unicode_ci DEFAULT NULL,
  `user_agent` text COLLATE utf8mb4_unicode_ci,
  `payload` longtext COLLATE utf8mb4_unicode_ci NOT NULL,
  `last_activity` int NOT NULL,
  PRIMARY KEY (`id`),
  KEY `sessions_user_id_index` (`user_id`),
  KEY `sessions_last_activity_index` (`last_activity`)
) ENGINE=InnoDB DEFAULT CHARSET=utf8mb4 COLLATE=utf8mb4_unicode_ci;
/*!40101 SET character_set_client = @saved_cs_client */;

--
-- Dumping data for table `sessions`
--

LOCK TABLES `sessions` WRITE;
/*!40000 ALTER TABLE `sessions` DISABLE KEYS */;
INSERT INTO `sessions` VALUES ('HAODpExeCjWXGTmJALFBxx3KlG6paZOkg0gEaPQD',1,'127.0.0.1','Mozilla/5.0 (Windows NT 10.0; Win64; x64) AppleWebKit/537.36 (KHTML, like Gecko) Chrome/125.0.0.0 Safari/537.36','YTo0OntzOjY6Il90b2tlbiI7czo0MDoic1k3VGI1eDBEOW1ucEFKbTkzQjdTWHlKMkpReTZ0VjZldnZoM01RRCI7czo2OiJfZmxhc2giO2E6Mjp7czozOiJvbGQiO2E6MDp7fXM6MzoibmV3IjthOjA6e319czo5OiJfcHJldmlvdXMiO2E6MTp7czozOiJ1cmwiO3M6MzE6Imh0dHA6Ly8xMjcuMC4wLjE6ODAwMC9kYXNoYm9hcmQiO31zOjUwOiJsb2dpbl93ZWJfNTliYTM2YWRkYzJiMmY5NDAxNTgwZjAxNGM3ZjU4ZWE0ZTMwOTg5ZCI7aToxO30=',1718652872);
/*!40000 ALTER TABLE `sessions` ENABLE KEYS */;
UNLOCK TABLES;

--
-- Table structure for table `users`
--

DROP TABLE IF EXISTS `users`;
/*!40101 SET @saved_cs_client     = @@character_set_client */;
/*!50503 SET character_set_client = utf8mb4 */;
CREATE TABLE `users` (
  `id` bigint unsigned NOT NULL AUTO_INCREMENT,
  `name` varchar(255) COLLATE utf8mb4_unicode_ci NOT NULL,
  `email` varchar(255) COLLATE utf8mb4_unicode_ci NOT NULL,
  `email_verified_at` timestamp NULL DEFAULT NULL,
  `password` varchar(255) COLLATE utf8mb4_unicode_ci NOT NULL,
  `remember_token` varchar(100) COLLATE utf8mb4_unicode_ci DEFAULT NULL,
  `created_at` timestamp NULL DEFAULT NULL,
  `updated_at` timestamp NULL DEFAULT NULL,
  PRIMARY KEY (`id`),
  UNIQUE KEY `users_email_unique` (`email`)
) ENGINE=InnoDB AUTO_INCREMENT=2 DEFAULT CHARSET=utf8mb4 COLLATE=utf8mb4_unicode_ci;
/*!40101 SET character_set_client = @saved_cs_client */;

--
-- Dumping data for table `users`
--

LOCK TABLES `users` WRITE;
/*!40000 ALTER TABLE `users` DISABLE KEYS */;
INSERT INTO `users` VALUES (1,'Admin','admin@mail.com','2024-06-11 14:46:14','$2y$12$63hDx/068ISmRGkhKnkbGuw4w/yfD75N14cEyIawlRwRbE8AoWusK','s8pdEB8axYkyenHYkd1da0Ikr3oSbJfUqT7FRCgIObgfy9ExFpGZ56n7UAwP','2024-06-11 14:46:15','2024-06-11 14:46:15');
/*!40000 ALTER TABLE `users` ENABLE KEYS */;
UNLOCK TABLES;
/*!40103 SET TIME_ZONE=@OLD_TIME_ZONE */;

/*!40101 SET SQL_MODE=@OLD_SQL_MODE */;
/*!40014 SET FOREIGN_KEY_CHECKS=@OLD_FOREIGN_KEY_CHECKS */;
/*!40014 SET UNIQUE_CHECKS=@OLD_UNIQUE_CHECKS */;
/*!40101 SET CHARACTER_SET_CLIENT=@OLD_CHARACTER_SET_CLIENT */;
/*!40101 SET CHARACTER_SET_RESULTS=@OLD_CHARACTER_SET_RESULTS */;
/*!40101 SET COLLATION_CONNECTION=@OLD_COLLATION_CONNECTION */;
/*!40111 SET SQL_NOTES=@OLD_SQL_NOTES */;

-- Dump completed on 2024-06-17 22:10:32
